,Loan_ID,Gender,Married,Dependents,Education,Self_Employed,ApplicantIncome,CoapplicantIncome,LoanAmount,Loan_Amount_Term,Credit_History,Property_Area
0,LP001015,Male,Yes,0,Graduate,No,5720.0,0.0,110.0,360,1,Urban
1,LP001022,Male,Yes,1,Graduate,No,3076.0,1500.0,126.0,360,1,Urban
2,LP001031,Male,Yes,2,Graduate,No,5000.0,1800.0,208.0,360,1,Urban
3,LP001035,Male,Yes,2,Graduate,No,2340.0,2546.0,100.0,360,,Urban
4,LP001051,Male,No,0,Not Graduate,No,3276.0,0.0,78.0,360,1,Urban
5,LP001054,Male,Yes,0,Not Graduate,Yes,2165.0,3422.0,152.0,360,1,Urban
6,LP001055,Female,No,1,Not Graduate,No,2226.0,0.0,59.0,360,1,Semiurban
7,LP001056,Male,Yes,2,Not Graduate,No,3881.0,0.0,147.0,360,0,Rural
8,LP001059,Male,Yes,2,Graduate,,13633.0,0.0,280.0,240,1,Urban
9,LP001067,Male,No,0,Not Graduate,No,2400.0,2400.0,123.0,360,1,Semiurban
10,LP001078,Male,No,0,Not Graduate,No,3091.0,0.0,90.0,360,1,Urban
11,LP001082,Male,Yes,1,Graduate,,2185.0,1516.0,162.0,360,1,Semiurban
12,LP001083,Male,No,3+,Graduate,No,4166.0,0.0,40.0,180,,Urban
13,LP001094,Male,Yes,2,Graduate,,12173.0,0.0,166.0,360,0,Semiurban
14,LP001096,Female,No,0,Graduate,No,4666.0,0.0,124.0,360,1,Semiurban
15,LP001099,Male,No,1,Graduate,No,5667.0,0.0,131.0,360,1,Urban
16,LP001105,Male,Yes,2,Graduate,No,4583.0,2916.0,200.0,360,1,Urban
17,LP001107,Male,Yes,3+,Graduate,No,3786.0,333.0,126.0,360,1,Semiurban
18,LP001108,Male,Yes,0,Graduate,No,9226.0,7916.0,300.0,360,1,Urban
19,LP001115,Male,No,0,Graduate,No,1300.0,3470.0,100.0,180,1,Semiurban
20,LP001121,Male,Yes,1,Not Graduate,No,1888.0,1620.0,48.0,360,1,Urban
21,LP001124,Female,No,3+,Not Graduate,No,2083.0,0.0,28.0,180,1,Urban
22,LP001128,Unknown,No,0,Graduate,No,3909.0,0.0,101.0,360,1,Urban
23,LP001135,Female,No,0,Not Graduate,No,3765.0,0.0,125.0,360,1,Urban
24,LP001149,Male,Yes,0,Graduate,No,5400.0,4380.0,290.0,360,1,Urban
25,LP001153,Male,No,0,Graduate,No,0.0,24000.0,148.0,360,0,Rural
26,LP001163,Male,Yes,2,Graduate,No,4363.0,1250.0,140.0,360,,Urban
27,LP001169,Male,Yes,0,Graduate,No,7500.0,3750.0,275.0,360,1,Urban
28,LP001174,Male,Yes,0,Graduate,No,3772.0,833.0,57.0,360,,Semiurban
29,LP001176,Male,No,0,Graduate,No,2942.0,2382.0,125.0,180,1,Urban
30,LP001177,Female,No,0,Not Graduate,No,2478.0,0.0,75.0,360,1,Semiurban
31,LP001183,Male,Yes,2,Graduate,No,6250.0,820.0,192.0,360,1,Urban
32,LP001185,Male,No,0,Graduate,No,3268.0,1683.0,152.0,360,1,Semiurban
33,LP001187,Male,Yes,0,Graduate,No,2783.0,2708.0,158.0,360,1,Urban
34,LP001190,Male,Yes,0,Graduate,No,2740.0,1541.0,101.0,360,1,Urban
35,LP001203,Male,No,0,Graduate,No,3150.0,0.0,176.0,360,0,Semiurban
36,LP001208,Male,Yes,2,Graduate,,7350.0,4029.0,185.0,180,1,Urban
37,LP001210,Male,Yes,0,Graduate,Yes,2267.0,2792.0,90.0,360,1,Urban
38,LP001211,Male,No,0,Graduate,Yes,5833.0,0.0,116.0,360,1,Urban
39,LP001219,Male,No,0,Graduate,No,3643.0,1963.0,138.0,360,1,Urban
40,LP001220,Male,Yes,0,Graduate,No,5629.0,818.0,100.0,360,1,Urban
41,LP001221,Female,No,0,Graduate,No,3644.0,0.0,110.0,360,1,Urban
42,LP001226,Male,Yes,0,Not Graduate,No,1750.0,2024.0,90.0,360,1,Semiurban
43,LP001230,Male,No,0,Graduate,No,6500.0,2600.0,200.0,360,1,Semiurban
44,LP001231,Female,No,0,Graduate,No,3666.0,0.0,84.0,360,1,Urban
45,LP001232,Male,Yes,0,Graduate,No,4260.0,3900.0,185.0,,,Urban
46,LP001237,Male,Yes,,Not Graduate,No,4163.0,1475.0,162.0,360,1,Urban
47,LP001242,Male,No,0,Not Graduate,No,2356.0,1902.0,108.0,360,1,Semiurban
48,LP001268,Male,No,0,Graduate,No,6792.0,3338.0,187.0,,1,Urban
49,LP001270,Male,Yes,3+,Not Graduate,Yes,8000.0,250.0,187.0,360,1,Semiurban
50,LP001284,Male,Yes,1,Graduate,No,2419.0,1707.0,124.0,360,1,Urban
51,LP001287,Unknown,Yes,3+,Not Graduate,No,3500.0,833.0,120.0,360,1,Semiurban
52,LP001291,Male,Yes,1,Graduate,No,3500.0,3077.0,160.0,360,1,Semiurban
53,LP001298,Male,Yes,2,Graduate,No,4116.0,1000.0,30.0,180,1,Urban
54,LP001312,Male,Yes,0,Not Graduate,Yes,5293.0,0.0,92.0,360,1,Urban
55,LP001313,Male,No,0,Graduate,No,2750.0,0.0,130.0,360,0,Urban
56,LP001317,Female,No,0,Not Graduate,No,4402.0,0.0,130.0,360,1,Rural
57,LP001321,Male,Yes,2,Graduate,No,3613.0,3539.0,134.0,180,1,Semiurban
58,LP001323,Female,Yes,2,Graduate,No,2779.0,3664.0,176.0,360,0,Semiurban
59,LP001324,Male,Yes,3+,Graduate,No,4720.0,0.0,90.0,180,1,Semiurban
60,LP001332,Male,Yes,0,Not Graduate,No,2415.0,1721.0,110.0,360,1,Semiurban
61,LP001335,Male,Yes,0,Graduate,Yes,7016.0,292.0,125.0,360,1,Urban
62,LP001338,Female,No,2,Graduate,No,4968.0,0.0,189.0,360,1,Semiurban
63,LP001347,Female,No,0,Graduate,No,2101.0,1500.0,108.0,360,0,Rural
64,LP001348,Male,Yes,3+,Not Graduate,No,4490.0,0.0,125.0,360,1,Urban
65,LP001351,Male,Yes,0,Graduate,No,2917.0,3583.0,138.0,360,1,Semiurban
66,LP001352,Male,Yes,0,Not Graduate,No,4700.0,0.0,135.0,360,0,Semiurban
67,LP001358,Male,Yes,0,Graduate,No,3445.0,0.0,130.0,360,0,Semiurban
68,LP001359,Male,Yes,0,Graduate,No,7666.0,0.0,187.0,360,1,Semiurban
69,LP001361,Male,Yes,0,Graduate,No,2458.0,5105.0,188.0,360,0,Rural
70,LP001366,Female,No,,Graduate,No,3250.0,0.0,95.0,360,1,Semiurban
71,LP001368,Male,No,0,Graduate,No,4463.0,0.0,65.0,360,1,Semiurban
72,LP001375,Male,Yes,1,Graduate,,4083.0,1775.0,139.0,60,1,Urban
73,LP001380,Male,Yes,0,Graduate,Yes,3900.0,2094.0,232.0,360,1,Rural
74,LP001386,Male,Yes,0,Not Graduate,No,4750.0,3583.0,144.0,360,1,Semiurban
75,LP001400,Male,No,0,Graduate,No,3583.0,3435.0,155.0,360,1,Urban
76,LP001407,Male,Yes,0,Graduate,No,3189.0,2367.0,186.0,360,1,Urban
77,LP001413,Male,No,0,Graduate,Yes,6356.0,0.0,50.0,360,1,Rural
78,LP001415,Male,Yes,1,Graduate,No,3413.0,4053.0,,360,1,Semiurban
79,LP001419,Female,Yes,0,Graduate,No,7950.0,0.0,185.0,360,1,Urban
80,LP001420,Male,Yes,3+,Graduate,No,3829.0,1103.0,163.0,360,0,Urban
81,LP001428,Male,Yes,3+,Graduate,No,72529.0,0.0,360.0,360,1,Urban
82,LP001445,Male,Yes,2,Not Graduate,No,4136.0,0.0,149.0,480,0,Rural
83,LP001446,Male,Yes,0,Graduate,No,8449.0,0.0,257.0,360,1,Rural
84,LP001450,Male,Yes,0,Graduate,No,4456.0,0.0,131.0,180,0,Semiurban
85,LP001452,Male,Yes,2,Graduate,No,4635.0,8000.0,102.0,180,1,Rural
86,LP001455,Male,Yes,0,Graduate,No,3571.0,1917.0,135.0,360,1,Urban
87,LP001466,Male,No,0,Graduate,No,3066.0,0.0,95.0,360,1,Semiurban
88,LP001471,Male,No,2,Not Graduate,No,3235.0,2015.0,77.0,360,1,Semiurban
89,LP001472,Female,No,0,Graduate,,5058.0,0.0,200.0,360,1,Rural
90,LP001475,Male,Yes,0,Graduate,Yes,3188.0,2286.0,130.0,360,,Rural
91,LP001483,Male,Yes,3+,Graduate,No,13518.0,0.0,390.0,360,1,Rural
92,LP001486,Male,Yes,1,Graduate,No,4364.0,2500.0,185.0,360,1,Semiurban
93,LP001490,Male,Yes,2,Not Graduate,No,4766.0,1646.0,100.0,360,1,Semiurban
94,LP001496,Male,Yes,1,Graduate,No,4609.0,2333.0,123.0,360,0,Semiurban
95,LP001499,Female,Yes,3+,Graduate,No,6260.0,0.0,110.0,360,1,Semiurban
96,LP001500,Male,Yes,1,Graduate,No,3333.0,4200.0,256.0,360,1,Urban
97,LP001501,Male,Yes,0,Graduate,No,3500.0,3250.0,140.0,360,1,Semiurban
98,LP001517,Male,Yes,3+,Graduate,No,9719.0,0.0,61.0,360,1,Urban
99,LP001527,Male,Yes,3+,Graduate,No,6835.0,0.0,188.0,360,,Semiurban
100,LP001534,Male,No,0,Graduate,No,4452.0,0.0,131.0,360,1,Rural
101,LP001542,Female,Yes,0,Graduate,No,2262.0,0.0,,480,0,Semiurban
102,LP001547,Male,Yes,1,Graduate,No,3901.0,0.0,116.0,360,1,Urban
103,LP001548,Male,Yes,2,Not Graduate,No,2687.0,0.0,50.0,180,1,Rural
104,LP001558,Male,No,0,Graduate,No,2243.0,2233.0,107.0,360,,Semiurban
105,LP001561,Female,Yes,0,Graduate,No,3417.0,1287.0,200.0,360,1,Semiurban
106,LP001563,Unknown,No,0,Graduate,No,1596.0,1760.0,119.0,360,0,Urban
107,LP001567,Male,Yes,3+,Graduate,No,4513.0,0.0,120.0,360,1,Rural
108,LP001568,Male,Yes,0,Graduate,No,4500.0,0.0,140.0,360,1,Semiurban
109,LP001573,Male,Yes,0,Not Graduate,No,4523.0,1350.0,165.0,360,1,Urban
110,LP001584,Female,No,0,Graduate,Yes,4742.0,0.0,108.0,360,1,Semiurban
111,LP001587,Male,Yes,,Graduate,No,4082.0,0.0,93.0,360,1,Semiurban
112,LP001589,Female,No,0,Graduate,No,3417.0,0.0,102.0,360,1,Urban
113,LP001591,Female,Yes,2,Graduate,No,2922.0,3396.0,122.0,360,1,Semiurban
114,LP001599,Male,Yes,0,Graduate,No,4167.0,4754.0,160.0,360,1,Rural
115,LP001601,Male,No,3+,Graduate,No,4243.0,4123.0,157.0,360,,Semiurban
116,LP001607,Female,No,0,Not Graduate,No,0.0,1760.0,180.0,360,1,Semiurban
117,LP001611,Male,Yes,1,Graduate,No,1516.0,2900.0,80.0,,0,Rural
118,LP001613,Female,No,0,Graduate,No,1762.0,2666.0,104.0,360,0,Urban
119,LP001622,Male,Yes,2,Graduate,No,724.0,3510.0,213.0,360,0,Rural
120,LP001627,Male,No,0,Graduate,No,3125.0,0.0,65.0,360,1,Urban
121,LP001650,Male,Yes,0,Graduate,No,2333.0,3803.0,146.0,360,1,Rural
122,LP001651,Male,Yes,3+,Graduate,No,3350.0,1560.0,135.0,360,1,Urban
123,LP001652,Male,No,0,Graduate,No,2500.0,6414.0,187.0,360,0,Rural
124,LP001655,Female,No,0,Graduate,No,12500.0,0.0,300.0,360,0,Urban
125,LP001660,Male,No,0,Graduate,No,4667.0,0.0,120.0,360,1,Semiurban
126,LP001662,Male,No,0,Graduate,No,6500.0,0.0,71.0,360,0,Urban
127,LP001663,Male,Yes,2,Graduate,No,7500.0,0.0,225.0,360,1,Urban
128,LP001667,Male,No,0,Graduate,No,3073.0,0.0,70.0,180,1,Urban
129,LP001695,Male,Yes,1,Not Graduate,No,3321.0,2088.0,70.0,,1,Semiurban
130,LP001703,Male,Yes,0,Graduate,No,3333.0,1270.0,124.0,360,1,Urban
131,LP001718,Male,No,0,Graduate,No,3391.0,0.0,132.0,360,1,Rural
132,LP001728,Male,Yes,1,Graduate,Yes,3343.0,1517.0,105.0,360,1,Rural
133,LP001735,Female,No,1,Graduate,No,3620.0,0.0,90.0,360,1,Urban
134,LP001737,Male,No,0,Graduate,No,4000.0,0.0,83.0,84,1,Urban
135,LP001739,Male,Yes,0,Graduate,No,4258.0,0.0,125.0,360,1,Urban
136,LP001742,Male,Yes,2,Graduate,No,4500.0,0.0,147.0,360,1,Rural
137,LP001757,Male,Yes,1,Graduate,No,2014.0,2925.0,120.0,360,1,Rural
138,LP001769,Unknown,No,,Graduate,No,3333.0,1250.0,110.0,360,1,Semiurban
139,LP001771,Female,No,3+,Graduate,No,4083.0,0.0,103.0,360,,Semiurban
140,LP001785,Male,No,0,Graduate,No,4727.0,0.0,150.0,360,0,Rural
141,LP001787,Male,Yes,3+,Graduate,No,3089.0,2999.0,100.0,240,1,Rural
142,LP001789,Male,Yes,3+,Not Graduate,,6794.0,528.0,139.0,360,0,Urban
143,LP001791,Male,Yes,0,Graduate,Yes,32000.0,0.0,550.0,360,,Semiurban
144,LP001794,Male,Yes,2,Graduate,Yes,10890.0,0.0,260.0,12,1,Rural
145,LP001797,Female,No,0,Graduate,No,12941.0,0.0,150.0,300,1,Urban
146,LP001815,Male,No,0,Not Graduate,No,3276.0,0.0,90.0,360,1,Semiurban
147,LP001817,Male,No,0,Not Graduate,Yes,8703.0,0.0,199.0,360,0,Rural
148,LP001818,Male,Yes,1,Graduate,No,4742.0,717.0,139.0,360,1,Semiurban
149,LP001822,Male,No,0,Graduate,No,5900.0,0.0,150.0,360,1,Urban
150,LP001827,Male,No,0,Graduate,No,3071.0,4309.0,180.0,360,1,Urban
151,LP001831,Male,Yes,0,Graduate,No,2783.0,1456.0,113.0,360,1,Urban
152,LP001842,Male,No,0,Graduate,No,5000.0,0.0,148.0,360,1,Rural
153,LP001853,Male,Yes,1,Not Graduate,No,2463.0,2360.0,117.0,360,0,Urban
154,LP001855,Male,Yes,2,Graduate,No,4855.0,0.0,72.0,360,1,Rural
155,LP001857,Male,No,0,Not Graduate,Yes,1599.0,2474.0,125.0,300,1,Semiurban
156,LP001862,Male,Yes,2,Graduate,Yes,4246.0,4246.0,214.0,360,1,Urban
157,LP001867,Male,Yes,0,Graduate,No,4333.0,2291.0,133.0,350,1,Rural
158,LP001878,Male,No,1,Graduate,No,5823.0,2529.0,187.0,360,1,Semiurban
159,LP001881,Male,Yes,0,Not Graduate,No,7895.0,0.0,143.0,360,1,Rural
160,LP001886,Male,No,0,Graduate,No,4150.0,4256.0,209.0,360,1,Rural
161,LP001906,Male,No,0,Graduate,,2964.0,0.0,84.0,360,0,Semiurban
162,LP001909,Male,No,0,Graduate,No,5583.0,0.0,116.0,360,1,Urban
163,LP001911,Female,No,0,Graduate,No,2708.0,0.0,65.0,360,1,Rural
164,LP001921,Male,No,1,Graduate,No,3180.0,2370.0,80.0,240,,Rural
165,LP001923,Male,No,0,Not Graduate,No,2268.0,0.0,170.0,360,0,Semiurban
166,LP001933,Male,No,2,Not Graduate,No,1141.0,2017.0,120.0,360,0,Urban
167,LP001943,Male,Yes,0,Graduate,No,3042.0,3167.0,135.0,360,1,Urban
168,LP001950,Female,Yes,3+,Graduate,,1750.0,2935.0,94.0,360,0,Semiurban
169,LP001959,Female,Yes,1,Graduate,No,3564.0,0.0,79.0,360,1,Rural
170,LP001961,Female,No,0,Graduate,No,3958.0,0.0,110.0,360,1,Rural
171,LP001973,Male,Yes,2,Not Graduate,No,4483.0,0.0,130.0,360,1,Rural
172,LP001975,Male,Yes,0,Graduate,No,5225.0,0.0,143.0,360,1,Rural
173,LP001979,Male,No,0,Graduate,No,3017.0,2845.0,159.0,180,0,Urban
174,LP001995,Male,Yes,0,Not Graduate,No,2431.0,1820.0,110.0,360,0,Rural
175,LP001999,Male,Yes,2,Graduate,,4912.0,4614.0,160.0,360,1,Rural
176,LP002007,Male,Yes,2,Not Graduate,No,2500.0,3333.0,131.0,360,1,Urban
177,LP002009,Female,No,0,Graduate,No,2918.0,0.0,65.0,360,,Rural
178,LP002016,Male,Yes,2,Graduate,No,5128.0,0.0,143.0,360,1,Rural
179,LP002017,Male,Yes,3+,Graduate,No,15312.0,0.0,187.0,360,,Urban
180,LP002018,Male,Yes,2,Graduate,No,3958.0,2632.0,160.0,360,1,Semiurban
181,LP002027,Male,Yes,0,Graduate,No,4334.0,2945.0,165.0,360,1,Semiurban
182,LP002028,Male,Yes,2,Graduate,No,4358.0,0.0,110.0,360,1,Urban
183,LP002042,Female,Yes,1,Graduate,No,4000.0,3917.0,173.0,360,1,Rural
184,LP002045,Male,Yes,3+,Graduate,No,10166.0,750.0,150.0,,1,Urban
185,LP002046,Male,Yes,0,Not Graduate,No,4483.0,0.0,135.0,360,,Semiurban
186,LP002047,Male,Yes,2,Not Graduate,No,4521.0,1184.0,150.0,360,1,Semiurban
187,LP002056,Male,Yes,2,Graduate,No,9167.0,0.0,235.0,360,1,Semiurban
188,LP002057,Male,Yes,0,Not Graduate,No,13083.0,0.0,,360,1,Rural
189,LP002059,Male,Yes,2,Graduate,No,7874.0,3967.0,336.0,360,1,Rural
190,LP002062,Female,Yes,1,Graduate,No,4333.0,0.0,132.0,84,1,Rural
191,LP002064,Male,No,0,Graduate,No,4083.0,0.0,96.0,360,1,Urban
192,LP002069,Male,Yes,2,Not Graduate,,3785.0,2912.0,180.0,360,0,Rural
193,LP002070,Male,Yes,3+,Not Graduate,No,2654.0,1998.0,128.0,360,0,Rural
194,LP002077,Male,Yes,1,Graduate,No,10000.0,2690.0,412.0,360,1,Semiurban
195,LP002083,Male,No,0,Graduate,Yes,5833.0,0.0,116.0,360,1,Urban
196,LP002090,Male,Yes,1,Graduate,No,4796.0,0.0,114.0,360,0,Semiurban
197,LP002096,Male,Yes,0,Not Graduate,No,2000.0,1600.0,115.0,360,1,Rural
198,LP002099,Male,Yes,2,Graduate,No,2540.0,700.0,104.0,360,0,Urban
199,LP002102,Male,Yes,0,Graduate,Yes,1900.0,1442.0,88.0,360,1,Rural
200,LP002105,Male,Yes,0,Graduate,Yes,8706.0,0.0,108.0,480,1,Rural
201,LP002107,Male,Yes,3+,Not Graduate,No,2855.0,542.0,90.0,360,1,Urban
202,LP002111,Male,Yes,,Graduate,No,3016.0,1300.0,100.0,360,,Urban
203,LP002117,Female,Yes,0,Graduate,No,3159.0,2374.0,108.0,360,1,Semiurban
204,LP002118,Female,No,0,Graduate,No,1937.0,1152.0,78.0,360,1,Semiurban
205,LP002123,Male,Yes,0,Graduate,No,2613.0,2417.0,123.0,360,1,Semiurban
206,LP002125,Male,Yes,1,Graduate,No,4960.0,2600.0,187.0,360,1,Semiurban
207,LP002148,Male,Yes,1,Graduate,No,3074.0,1083.0,146.0,360,1,Semiurban
208,LP002152,Female,No,0,Graduate,No,4213.0,0.0,80.0,360,1,Urban
209,LP002165,Unknown,No,1,Not Graduate,No,2038.0,4027.0,100.0,360,1,Rural
210,LP002167,Female,No,0,Graduate,No,2362.0,0.0,55.0,360,1,Urban
211,LP002168,Male,No,0,Graduate,No,5333.0,2400.0,200.0,360,0,Rural
212,LP002172,Male,Yes,3+,Graduate,Yes,5384.0,0.0,150.0,360,1,Semiurban
213,LP002176,Male,No,0,Graduate,No,5708.0,0.0,150.0,360,1,Rural
214,LP002183,Male,Yes,0,Not Graduate,No,3754.0,3719.0,118.0,,1,Rural
215,LP002184,Male,Yes,0,Not Graduate,No,2914.0,2130.0,150.0,300,1,Urban
216,LP002186,Male,Yes,0,Not Graduate,No,2747.0,2458.0,118.0,36,1,Semiurban
217,LP002192,Male,Yes,0,Graduate,No,7830.0,2183.0,212.0,360,1,Rural
218,LP002195,Male,Yes,1,Graduate,Yes,3507.0,3148.0,212.0,360,1,Rural
219,LP002208,Male,Yes,1,Graduate,No,3747.0,2139.0,125.0,360,1,Urban
220,LP002212,Male,Yes,0,Graduate,No,2166.0,2166.0,108.0,360,,Urban
221,LP002240,Male,Yes,0,Not Graduate,No,3500.0,2168.0,149.0,360,1,Rural
222,LP002245,Male,Yes,2,Not Graduate,No,2896.0,0.0,80.0,480,1,Urban
223,LP002253,Female,No,1,Graduate,No,5062.0,0.0,152.0,300,1,Rural
224,LP002256,Female,No,2,Graduate,Yes,5184.0,0.0,187.0,360,0,Semiurban
225,LP002257,Female,No,0,Graduate,No,2545.0,0.0,74.0,360,1,Urban
226,LP002264,Male,Yes,0,Graduate,No,2553.0,1768.0,102.0,360,1,Urban
227,LP002270,Male,Yes,1,Graduate,No,3436.0,3809.0,100.0,360,1,Rural
228,LP002279,Male,No,0,Graduate,No,2412.0,2755.0,130.0,360,1,Rural
229,LP002286,Male,Yes,3+,Not Graduate,No,5180.0,0.0,125.0,360,0,Urban
230,LP002294,Male,No,0,Graduate,No,14911.0,14507.0,130.0,360,1,Semiurban
231,LP002298,Unknown,No,0,Graduate,Yes,2860.0,2988.0,138.0,360,1,Urban
232,LP002306,Male,Yes,0,Graduate,No,1173.0,1594.0,28.0,180,1,Rural
233,LP002310,Female,No,1,Graduate,No,7600.0,0.0,92.0,360,1,Semiurban
234,LP002311,Female,Yes,0,Graduate,No,2157.0,1788.0,104.0,360,1,Urban
235,LP002316,Male,No,0,Graduate,No,2231.0,2774.0,176.0,360,0,Urban
236,LP002321,Female,No,0,Graduate,No,2274.0,5211.0,117.0,360,0,Semiurban
237,LP002325,Male,Yes,2,Not Graduate,No,6166.0,13983.0,102.0,360,1,Rural
238,LP002326,Male,Yes,2,Not Graduate,No,2513.0,1110.0,107.0,360,1,Semiurban
239,LP002329,Male,No,0,Graduate,No,4333.0,0.0,66.0,480,1,Urban
240,LP002333,Male,No,0,Not Graduate,No,3844.0,0.0,105.0,360,1,Urban
241,LP002339,Male,Yes,0,Graduate,No,3887.0,1517.0,105.0,360,0,Semiurban
242,LP002344,Male,Yes,0,Graduate,No,3510.0,828.0,105.0,360,1,Semiurban
243,LP002346,Male,Yes,0,Graduate,,2539.0,1704.0,125.0,360,0,Rural
244,LP002354,Female,No,0,Not Graduate,No,2107.0,0.0,64.0,360,1,Semiurban
245,LP002355,Unknown,Yes,0,Graduate,No,3186.0,3145.0,150.0,180,0,Semiurban
246,LP002358,Male,Yes,2,Graduate,Yes,5000.0,2166.0,150.0,360,1,Urban
247,LP002360,Male,Yes,,Graduate,No,10000.0,0.0,,360,1,Urban
248,LP002375,Male,Yes,0,Not Graduate,Yes,3943.0,0.0,64.0,360,1,Semiurban
249,LP002376,Male,No,0,Graduate,No,2925.0,0.0,40.0,180,1,Rural
250,LP002383,Male,Yes,3+,Graduate,No,3242.0,437.0,142.0,480,0,Urban
251,LP002385,Male,Yes,,Graduate,No,3863.0,0.0,70.0,300,1,Semiurban
252,LP002389,Female,No,1,Graduate,No,4028.0,0.0,131.0,360,1,Semiurban
253,LP002394,Male,Yes,2,Graduate,No,4010.0,1025.0,120.0,360,1,Urban
254,LP002397,Female,Yes,1,Graduate,No,3719.0,1585.0,114.0,360,1,Urban
255,LP002399,Male,No,0,Graduate,,2858.0,0.0,123.0,360,0,Rural
256,LP002400,Female,Yes,0,Graduate,No,3833.0,0.0,92.0,360,1,Rural
257,LP002402,Male,Yes,0,Graduate,No,3333.0,4288.0,160.0,360,1,Urban
258,LP002412,Male,Yes,0,Graduate,No,3007.0,3725.0,151.0,360,1,Rural
259,LP002415,Female,No,1,Graduate,,1850.0,4583.0,81.0,360,,Rural
260,LP002417,Male,Yes,3+,Not Graduate,No,2792.0,2619.0,171.0,360,1,Semiurban
261,LP002420,Male,Yes,0,Graduate,No,2982.0,1550.0,110.0,360,1,Semiurban
262,LP002425,Male,No,0,Graduate,No,3417.0,738.0,100.0,360,,Rural
263,LP002433,Male,Yes,1,Graduate,No,18840.0,0.0,234.0,360,1,Rural
264,LP002440,Male,Yes,2,Graduate,No,2995.0,1120.0,184.0,360,1,Rural
265,LP002441,Male,No,,Graduate,No,3579.0,3308.0,138.0,360,,Semiurban
266,LP002442,Female,Yes,1,Not Graduate,No,3835.0,1400.0,112.0,480,0,Urban
267,LP002445,Female,No,1,Not Graduate,No,3854.0,3575.0,117.0,360,1,Rural
268,LP002450,Male,Yes,2,Graduate,No,5833.0,750.0,49.0,360,0,Rural
269,LP002471,Male,No,0,Graduate,No,3508.0,0.0,99.0,360,1,Rural
270,LP002476,Female,Yes,3+,Not Graduate,No,1635.0,2444.0,99.0,360,1,Urban
271,LP002482,Female,No,0,Graduate,Yes,3333.0,3916.0,212.0,360,1,Rural
272,LP002485,Male,No,1,Graduate,No,24797.0,0.0,240.0,360,1,Semiurban
273,LP002495,Male,Yes,2,Graduate,No,5667.0,440.0,130.0,360,0,Semiurban
274,LP002496,Female,No,0,Graduate,No,3500.0,0.0,94.0,360,0,Semiurban
275,LP002523,Male,Yes,3+,Graduate,No,2773.0,1497.0,108.0,360,1,Semiurban
276,LP002542,Male,Yes,0,Graduate,,6500.0,0.0,144.0,360,1,Urban
277,LP002550,Female,No,0,Graduate,No,5769.0,0.0,110.0,180,1,Semiurban
278,LP002551,Male,Yes,3+,Not Graduate,,3634.0,910.0,176.0,360,0,Semiurban
279,LP002553,Unknown,No,0,Graduate,No,29167.0,0.0,185.0,360,1,Semiurban
280,LP002554,Male,No,0,Graduate,No,2166.0,2057.0,122.0,360,1,Semiurban
281,LP002561,Male,Yes,0,Graduate,No,5000.0,0.0,126.0,360,1,Rural
282,LP002566,Female,No,0,Graduate,No,5530.0,0.0,135.0,360,,Urban
283,LP002568,Male,No,0,Not Graduate,No,9000.0,0.0,122.0,360,1,Rural
284,LP002570,Female,Yes,2,Graduate,No,10000.0,11666.0,460.0,360,1,Urban
285,LP002572,Male,Yes,1,Graduate,,8750.0,0.0,297.0,360,1,Urban
286,LP002581,Male,Yes,0,Not Graduate,No,2157.0,2730.0,140.0,360,,Rural
287,LP002584,Male,No,0,Graduate,,1972.0,4347.0,106.0,360,1,Rural
288,LP002592,Male,No,0,Graduate,No,4983.0,0.0,141.0,360,1,Urban
289,LP002593,Male,Yes,1,Graduate,No,8333.0,4000.0,,360,1,Urban
290,LP002599,Male,Yes,0,Graduate,No,3667.0,2000.0,170.0,360,1,Semiurban
291,LP002604,Male,Yes,2,Graduate,No,3166.0,2833.0,145.0,360,1,Urban
292,LP002605,Male,No,0,Not Graduate,No,3271.0,0.0,90.0,360,1,Rural
293,LP002609,Female,Yes,0,Graduate,No,2241.0,2000.0,88.0,360,0,Urban
294,LP002610,Male,Yes,1,Not Graduate,,1792.0,2565.0,128.0,360,1,Urban
295,LP002612,Female,Yes,0,Graduate,No,2666.0,0.0,84.0,480,1,Semiurban
296,LP002614,Unknown,No,0,Graduate,No,6478.0,0.0,108.0,360,1,Semiurban
297,LP002630,Male,No,0,Not Graduate,,3808.0,0.0,83.0,360,1,Rural
298,LP002635,Female,Yes,2,Not Graduate,No,3729.0,0.0,117.0,360,1,Semiurban
299,LP002639,Male,Yes,2,Graduate,No,4120.0,0.0,128.0,360,1,Rural
300,LP002644,Male,Yes,1,Graduate,Yes,7500.0,0.0,75.0,360,1,Urban
301,LP002651,Male,Yes,1,Graduate,,6300.0,0.0,125.0,360,0,Urban
302,LP002654,Female,No,,Graduate,Yes,14987.0,0.0,177.0,360,1,Rural
303,LP002657,Unknown,Yes,1,Not Graduate,Yes,570.0,2125.0,68.0,360,1,Rural
304,LP002711,Male,Yes,0,Graduate,No,2600.0,700.0,96.0,360,1,Semiurban
305,LP002712,Male,No,2,Not Graduate,No,2733.0,1083.0,180.0,360,,Semiurban
306,LP002721,Male,Yes,2,Graduate,Yes,7500.0,0.0,183.0,360,1,Rural
307,LP002735,Male,Yes,2,Not Graduate,No,3859.0,0.0,121.0,360,1,Rural
308,LP002744,Male,Yes,1,Graduate,No,6825.0,0.0,162.0,360,1,Rural
309,LP002745,Male,Yes,0,Graduate,No,3708.0,4700.0,132.0,360,1,Semiurban
310,LP002746,Male,No,0,Graduate,No,5314.0,0.0,147.0,360,1,Urban
311,LP002747,Female,No,3+,Graduate,No,2366.0,5272.0,153.0,360,0,Rural
312,LP002754,Male,No,,Graduate,No,2066.0,2108.0,104.0,84,1,Urban
313,LP002759,Male,Yes,2,Graduate,No,5000.0,0.0,149.0,360,1,Rural
314,LP002760,Female,No,0,Graduate,No,3767.0,0.0,134.0,300,1,Urban
315,LP002766,Female,Yes,0,Graduate,No,7859.0,879.0,165.0,180,1,Semiurban
316,LP002769,Female,Yes,0,Graduate,No,4283.0,0.0,120.0,360,1,Rural
317,LP002774,Male,Yes,0,Not Graduate,No,1700.0,2900.0,67.0,360,0,Urban
318,LP002775,Unknown,No,0,Not Graduate,No,4768.0,0.0,125.0,360,1,Rural
319,LP002781,Male,No,0,Graduate,No,3083.0,2738.0,120.0,360,1,Urban
320,LP002782,Male,Yes,1,Graduate,No,2667.0,1542.0,148.0,360,1,Rural
321,LP002786,Female,Yes,0,Not Graduate,No,1647.0,1762.0,181.0,360,1,Urban
322,LP002790,Male,Yes,3+,Graduate,No,3400.0,0.0,80.0,120,1,Urban
323,LP002791,Male,No,1,Graduate,,16000.0,5000.0,40.0,360,1,Semiurban
324,LP002793,Male,Yes,0,Graduate,No,5333.0,0.0,90.0,360,1,Rural
325,LP002802,Male,No,0,Graduate,No,2875.0,2416.0,95.0,6,0,Semiurban
326,LP002803,Male,Yes,1,Not Graduate,,2600.0,618.0,122.0,360,1,Semiurban
327,LP002805,Male,Yes,2,Graduate,No,5041.0,700.0,150.0,360,1,Urban
328,LP002806,Male,Yes,3+,Graduate,Yes,6958.0,1411.0,150.0,360,1,Rural
329,LP002816,Male,Yes,1,Graduate,No,3500.0,1658.0,104.0,360,,Semiurban
330,LP002823,Male,Yes,0,Graduate,No,5509.0,0.0,143.0,360,1,Rural
331,LP002825,Male,Yes,3+,Graduate,No,9699.0,0.0,300.0,360,1,Urban
332,LP002826,Female,Yes,1,Not Graduate,No,3621.0,2717.0,171.0,360,1,Urban
333,LP002843,Female,Yes,0,Graduate,No,4709.0,0.0,113.0,360,1,Semiurban
334,LP002849,Male,Yes,0,Graduate,No,1516.0,1951.0,35.0,360,1,Semiurban
335,LP002850,Male,No,2,Graduate,No,2400.0,0.0,46.0,360,1,Urban
336,LP002853,Female,No,0,Not Graduate,No,3015.0,2000.0,145.0,360,,Urban
337,LP002856,Male,Yes,0,Graduate,No,2292.0,1558.0,119.0,360,1,Urban
338,LP002857,Male,Yes,1,Graduate,Yes,2360.0,3355.0,87.0,240,1,Rural
339,LP002858,Female,No,0,Graduate,No,4333.0,2333.0,162.0,360,0,Rural
340,LP002860,Male,Yes,0,Graduate,Yes,2623.0,4831.0,122.0,180,1,Semiurban
341,LP002867,Male,No,0,Graduate,Yes,3972.0,4275.0,187.0,360,1,Rural
342,LP002869,Male,Yes,3+,Not Graduate,No,3522.0,0.0,81.0,180,1,Rural
343,LP002870,Male,Yes,1,Graduate,No,4700.0,0.0,80.0,360,1,Urban
344,LP002876,Male,No,0,Graduate,No,6858.0,0.0,176.0,360,1,Rural
345,LP002878,Male,Yes,3+,Graduate,No,8334.0,0.0,260.0,360,1,Urban
346,LP002879,Male,Yes,0,Graduate,No,3391.0,1966.0,133.0,360,0,Rural
347,LP002885,Male,No,0,Not Graduate,No,2868.0,0.0,70.0,360,1,Urban
348,LP002890,Male,Yes,2,Not Graduate,No,3418.0,1380.0,135.0,360,1,Urban
349,LP002891,Male,Yes,0,Graduate,Yes,2500.0,296.0,137.0,300,1,Rural
350,LP002899,Male,Yes,2,Graduate,No,8667.0,0.0,254.0,360,1,Rural
351,LP002901,Male,No,0,Graduate,No,2283.0,15000.0,106.0,360,,Rural
352,LP002907,Male,Yes,0,Graduate,No,5817.0,910.0,109.0,360,1,Urban
353,LP002920,Male,Yes,0,Graduate,No,5119.0,3769.0,120.0,360,1,Rural
354,LP002921,Male,Yes,3+,Not Graduate,No,5316.0,187.0,158.0,180,0,Semiurban
355,LP002932,Male,Yes,3+,Graduate,No,7603.0,1213.0,197.0,360,1,Urban
356,LP002935,Male,Yes,1,Graduate,No,3791.0,1936.0,85.0,360,1,Urban
357,LP002952,Male,No,0,Graduate,No,2500.0,0.0,60.0,360,1,Urban
358,LP002954,Male,Yes,2,Not Graduate,No,3132.0,0.0,76.0,360,,Rural
359,LP002962,Male,No,0,Graduate,No,4000.0,2667.0,152.0,360,1,Semiurban
360,LP002965,Female,Yes,0,Graduate,No,8550.0,4255.0,96.0,360,,Urban
361,LP002969,Male,Yes,1,Graduate,No,2269.0,2167.0,99.0,360,1,Semiurban
362,LP002971,Male,Yes,3+,Not Graduate,Yes,4009.0,1777.0,113.0,360,1,Urban
363,LP002975,Male,Yes,0,Graduate,No,4158.0,709.0,115.0,360,1,Urban
364,LP002980,Male,No,0,Graduate,No,3250.0,1993.0,126.0,360,,Semiurban
365,LP002986,Male,Yes,0,Graduate,No,5000.0,2393.0,158.0,360,1,Rural
366,LP002989,Male,No,0,Graduate,Yes,9200.0,0.0,98.0,180,1,Rural
367,LP001002,Male,No,0,Graduate,No,5849.0,0.0,,360,1,Urban
368,LP001003,Male,Yes,1,Graduate,No,4583.0,1508.0,128.0,360,1,Rural
369,LP001005,Male,Yes,0,Graduate,Yes,3000.0,0.0,66.0,360,1,Urban
370,LP001006,Male,Yes,0,Not Graduate,No,2583.0,2358.0,120.0,360,1,Urban
371,LP001008,Male,No,0,Graduate,No,6000.0,0.0,141.0,360,1,Urban
372,LP001011,Male,Yes,2,Graduate,Yes,5417.0,4196.0,267.0,360,1,Urban
373,LP001013,Male,Yes,0,Not Graduate,No,2333.0,1516.0,95.0,360,1,Urban
374,LP001014,Male,Yes,3+,Graduate,No,3036.0,2504.0,158.0,360,0,Semiurban
375,LP001018,Male,Yes,2,Graduate,No,4006.0,1526.0,168.0,360,1,Urban
376,LP001020,Male,Yes,1,Graduate,No,12841.0,10968.0,349.0,360,1,Semiurban
377,LP001024,Male,Yes,2,Graduate,No,3200.0,700.0,70.0,360,1,Urban
378,LP001027,Male,Yes,2,Graduate,,2500.0,1840.0,109.0,360,1,Urban
379,LP001028,Male,Yes,2,Graduate,No,3073.0,8106.0,200.0,360,1,Urban
380,LP001029,Male,No,0,Graduate,No,1853.0,2840.0,114.0,360,1,Rural
381,LP001030,Male,Yes,2,Graduate,No,1299.0,1086.0,17.0,120,1,Urban
382,LP001032,Male,No,0,Graduate,No,4950.0,0.0,125.0,360,1,Urban
383,LP001034,Male,No,1,Not Graduate,No,3596.0,0.0,100.0,240,,Urban
384,LP001036,Female,No,0,Graduate,No,3510.0,0.0,76.0,360,0,Urban
385,LP001038,Male,Yes,0,Not Graduate,No,4887.0,0.0,133.0,360,1,Rural
386,LP001041,Male,Yes,0,Graduate,,2600.0,3500.0,115.0,,1,Urban
387,LP001043,Male,Yes,0,Not Graduate,No,7660.0,0.0,104.0,360,0,Urban
388,LP001046,Male,Yes,1,Graduate,No,5955.0,5625.0,315.0,360,1,Urban
389,LP001047,Male,Yes,0,Not Graduate,No,2600.0,1911.0,116.0,360,0,Semiurban
390,LP001050,Unknown,Yes,2,Not Graduate,No,3365.0,1917.0,112.0,360,0,Rural
391,LP001052,Male,Yes,1,Graduate,,3717.0,2925.0,151.0,360,,Semiurban
392,LP001066,Male,Yes,0,Graduate,Yes,9560.0,0.0,191.0,360,1,Semiurban
393,LP001068,Male,Yes,0,Graduate,No,2799.0,2253.0,122.0,360,1,Semiurban
394,LP001073,Male,Yes,2,Not Graduate,No,4226.0,1040.0,110.0,360,1,Urban
395,LP001086,Male,No,0,Not Graduate,No,1442.0,0.0,35.0,360,1,Urban
396,LP001087,Female,No,2,Graduate,,3750.0,2083.0,120.0,360,1,Semiurban
397,LP001091,Male,Yes,1,Graduate,,4166.0,3369.0,201.0,360,,Urban
398,LP001095,Male,No,0,Graduate,No,3167.0,0.0,74.0,360,1,Urban
399,LP001097,Male,No,1,Graduate,Yes,4692.0,0.0,106.0,360,1,Rural
400,LP001098,Male,Yes,0,Graduate,No,3500.0,1667.0,114.0,360,1,Semiurban
401,LP001100,Male,No,3+,Graduate,No,12500.0,3000.0,320.0,360,1,Rural
402,LP001106,Male,Yes,0,Graduate,No,2275.0,2067.0,,360,1,Urban
403,LP001109,Male,Yes,0,Graduate,No,1828.0,1330.0,100.0,,0,Urban
404,LP001112,Female,Yes,0,Graduate,No,3667.0,1459.0,144.0,360,1,Semiurban
405,LP001114,Male,No,0,Graduate,No,4166.0,7210.0,184.0,360,1,Urban
406,LP001116,Male,No,0,Not Graduate,No,3748.0,1668.0,110.0,360,1,Semiurban
407,LP001119,Male,No,0,Graduate,No,3600.0,0.0,80.0,360,1,Urban
408,LP001120,Male,No,0,Graduate,No,1800.0,1213.0,47.0,360,1,Urban
409,LP001123,Male,Yes,0,Graduate,No,2400.0,0.0,75.0,360,,Urban
410,LP001131,Male,Yes,0,Graduate,No,3941.0,2336.0,134.0,360,1,Semiurban
411,LP001136,Male,Yes,0,Not Graduate,Yes,4695.0,0.0,96.0,,1,Urban
412,LP001137,Female,No,0,Graduate,No,3410.0,0.0,88.0,,1,Urban
413,LP001138,Male,Yes,1,Graduate,No,5649.0,0.0,44.0,360,1,Urban
414,LP001144,Male,Yes,0,Graduate,No,5821.0,0.0,144.0,360,1,Urban
415,LP001146,Female,Yes,0,Graduate,No,2645.0,3440.0,120.0,360,0,Urban
416,LP001151,Female,No,0,Graduate,No,4000.0,2275.0,144.0,360,1,Semiurban
417,LP001155,Female,Yes,0,Not Graduate,No,1928.0,1644.0,100.0,360,1,Semiurban
418,LP001157,Female,No,0,Graduate,No,3086.0,0.0,120.0,360,1,Semiurban
419,LP001164,Female,No,0,Graduate,No,4230.0,0.0,112.0,360,1,Semiurban
420,LP001179,Male,Yes,2,Graduate,No,4616.0,0.0,134.0,360,1,Urban
421,LP001186,Female,Yes,1,Graduate,Yes,11500.0,0.0,286.0,360,0,Urban
422,LP001194,Male,Yes,2,Graduate,No,2708.0,1167.0,97.0,360,1,Semiurban
423,LP001195,Male,Yes,0,Graduate,No,2132.0,1591.0,96.0,360,1,Semiurban
424,LP001197,Male,Yes,0,Graduate,No,3366.0,2200.0,135.0,360,1,Rural
425,LP001198,Male,Yes,1,Graduate,No,8080.0,2250.0,180.0,360,1,Urban
426,LP001199,Male,Yes,2,Not Graduate,No,3357.0,2859.0,144.0,360,1,Urban
427,LP001205,Male,Yes,0,Graduate,No,2500.0,3796.0,120.0,360,1,Urban
428,LP001206,Male,Yes,3+,Graduate,No,3029.0,0.0,99.0,360,1,Urban
429,LP001207,Male,Yes,0,Not Graduate,Yes,2609.0,3449.0,165.0,180,0,Rural
430,LP001213,Male,Yes,1,Graduate,No,4945.0,0.0,,360,0,Rural
431,LP001222,Female,No,0,Graduate,No,4166.0,0.0,116.0,360,0,Semiurban
432,LP001225,Male,Yes,0,Graduate,No,5726.0,4595.0,258.0,360,1,Semiurban
433,LP001228,Male,No,0,Not Graduate,No,3200.0,2254.0,126.0,180,0,Urban
434,LP001233,Male,Yes,1,Graduate,No,10750.0,0.0,312.0,360,1,Urban
435,LP001238,Male,Yes,3+,Not Graduate,Yes,7100.0,0.0,125.0,60,1,Urban
436,LP001241,Female,No,0,Graduate,No,4300.0,0.0,136.0,360,0,Semiurban
437,LP001243,Male,Yes,0,Graduate,No,3208.0,3066.0,172.0,360,1,Urban
438,LP001245,Male,Yes,2,Not Graduate,Yes,1875.0,1875.0,97.0,360,1,Semiurban
439,LP001248,Male,No,0,Graduate,No,3500.0,0.0,81.0,300,1,Semiurban
440,LP001250,Male,Yes,3+,Not Graduate,No,4755.0,0.0,95.0,,0,Semiurban
441,LP001253,Male,Yes,3+,Graduate,Yes,5266.0,1774.0,187.0,360,1,Semiurban
442,LP001255,Male,No,0,Graduate,No,3750.0,0.0,113.0,480,1,Urban
443,LP001256,Male,No,0,Graduate,No,3750.0,4750.0,176.0,360,1,Urban
444,LP001259,Male,Yes,1,Graduate,Yes,1000.0,3022.0,110.0,360,1,Urban
445,LP001263,Male,Yes,3+,Graduate,No,3167.0,4000.0,180.0,300,0,Semiurban
446,LP001264,Male,Yes,3+,Not Graduate,Yes,3333.0,2166.0,130.0,360,,Semiurban
447,LP001265,Female,No,0,Graduate,No,3846.0,0.0,111.0,360,1,Semiurban
448,LP001266,Male,Yes,1,Graduate,Yes,2395.0,0.0,,360,1,Semiurban
449,LP001267,Female,Yes,2,Graduate,No,1378.0,1881.0,167.0,360,1,Urban
450,LP001273,Male,Yes,0,Graduate,No,6000.0,2250.0,265.0,360,,Semiurban
451,LP001275,Male,Yes,1,Graduate,No,3988.0,0.0,50.0,240,1,Urban
452,LP001279,Male,No,0,Graduate,No,2366.0,2531.0,136.0,360,1,Semiurban
453,LP001280,Male,Yes,2,Not Graduate,No,3333.0,2000.0,99.0,360,,Semiurban
454,LP001282,Male,Yes,0,Graduate,No,2500.0,2118.0,104.0,360,1,Semiurban
455,LP001289,Male,No,0,Graduate,No,8566.0,0.0,210.0,360,1,Urban
456,LP001310,Male,Yes,0,Graduate,No,5695.0,4167.0,175.0,360,1,Semiurban
457,LP001316,Male,Yes,0,Graduate,No,2958.0,2900.0,131.0,360,1,Semiurban
458,LP001318,Male,Yes,2,Graduate,No,6250.0,5654.0,188.0,180,1,Semiurban
459,LP001319,Male,Yes,2,Not Graduate,No,3273.0,1820.0,81.0,360,1,Urban
460,LP001322,Male,No,0,Graduate,No,4133.0,0.0,122.0,360,1,Semiurban
461,LP001325,Male,No,0,Not Graduate,No,3620.0,0.0,25.0,120,1,Semiurban
462,LP001326,Male,No,0,Graduate,,6782.0,0.0,,360,,Urban
463,LP001327,Female,Yes,0,Graduate,No,2484.0,2302.0,137.0,360,1,Semiurban
464,LP001333,Male,Yes,0,Graduate,No,1977.0,997.0,50.0,360,1,Semiurban
465,LP001334,Male,Yes,0,Not Graduate,No,4188.0,0.0,115.0,180,1,Semiurban
466,LP001343,Male,Yes,0,Graduate,No,1759.0,3541.0,131.0,360,1,Semiurban
467,LP001345,Male,Yes,2,Not Graduate,No,4288.0,3263.0,133.0,180,1,Urban
468,LP001349,Male,No,0,Graduate,No,4843.0,3806.0,151.0,360,1,Semiurban
469,LP001350,Male,Yes,,Graduate,No,13650.0,0.0,,360,1,Urban
470,LP001356,Male,Yes,0,Graduate,No,4652.0,3583.0,,360,1,Semiurban
471,LP001357,Male,,,Graduate,No,3816.0,754.0,160.0,360,1,Urban
472,LP001367,Male,Yes,1,Graduate,No,3052.0,1030.0,100.0,360,1,Urban
473,LP001369,Male,Yes,2,Graduate,No,11417.0,1126.0,225.0,360,1,Urban
474,LP001370,Male,No,0,Not Graduate,,7333.0,0.0,120.0,360,1,Rural
475,LP001379,Male,Yes,2,Graduate,No,3800.0,3600.0,216.0,360,0,Urban
476,LP001384,Male,Yes,3+,Not Graduate,No,2071.0,754.0,94.0,480,1,Semiurban
477,LP001385,Male,No,0,Graduate,No,5316.0,0.0,136.0,360,1,Urban
478,LP001387,Female,Yes,0,Graduate,,2929.0,2333.0,139.0,360,1,Semiurban
479,LP001391,Male,Yes,0,Not Graduate,No,3572.0,4114.0,152.0,,0,Rural
480,LP001392,Female,No,1,Graduate,Yes,7451.0,0.0,,360,1,Semiurban
481,LP001398,Male,No,0,Graduate,,5050.0,0.0,118.0,360,1,Semiurban
482,LP001401,Male,Yes,1,Graduate,No,14583.0,0.0,185.0,180,1,Rural
483,LP001404,Female,Yes,0,Graduate,No,3167.0,2283.0,154.0,360,1,Semiurban
484,LP001405,Male,Yes,1,Graduate,No,2214.0,1398.0,85.0,360,,Urban
485,LP001421,Male,Yes,0,Graduate,No,5568.0,2142.0,175.0,360,1,Rural
486,LP001422,Female,No,0,Graduate,No,10408.0,0.0,259.0,360,1,Urban
487,LP001426,Male,Yes,,Graduate,No,5667.0,2667.0,180.0,360,1,Rural
488,LP001430,Female,No,0,Graduate,No,4166.0,0.0,44.0,360,1,Semiurban
489,LP001431,Female,No,0,Graduate,No,2137.0,8980.0,137.0,360,0,Semiurban
490,LP001432,Male,Yes,2,Graduate,No,2957.0,0.0,81.0,360,1,Semiurban
491,LP001439,Male,Yes,0,Not Graduate,No,4300.0,2014.0,194.0,360,1,Rural
492,LP001443,Female,No,0,Graduate,No,3692.0,0.0,93.0,360,,Rural
493,LP001448,Unknown,Yes,3+,Graduate,No,23803.0,0.0,370.0,360,1,Rural
494,LP001449,Male,No,0,Graduate,No,3865.0,1640.0,,360,1,Rural
495,LP001451,Male,Yes,1,Graduate,Yes,10513.0,3850.0,160.0,180,0,Urban
496,LP001465,Male,Yes,0,Graduate,No,6080.0,2569.0,182.0,360,,Rural
497,LP001469,Male,No,0,Graduate,Yes,20166.0,0.0,650.0,480,,Urban
498,LP001473,Male,No,0,Graduate,No,2014.0,1929.0,74.0,360,1,Urban
499,LP001478,Male,No,0,Graduate,No,2718.0,0.0,70.0,360,1,Semiurban
500,LP001482,Male,Yes,0,Graduate,Yes,3459.0,0.0,25.0,120,1,Semiurban
501,LP001487,Male,No,0,Graduate,No,4895.0,0.0,102.0,360,1,Semiurban
502,LP001488,Male,Yes,3+,Graduate,No,4000.0,7750.0,290.0,360,1,Semiurban
503,LP001489,Female,Yes,0,Graduate,No,4583.0,0.0,84.0,360,1,Rural
504,LP001491,Male,Yes,2,Graduate,Yes,3316.0,3500.0,88.0,360,1,Urban
505,LP001492,Male,No,0,Graduate,No,14999.0,0.0,242.0,360,0,Semiurban
506,LP001493,Male,Yes,2,Not Graduate,No,4200.0,1430.0,129.0,360,1,Rural
507,LP001497,Male,Yes,2,Graduate,No,5042.0,2083.0,185.0,360,1,Rural
508,LP001498,Male,No,0,Graduate,No,5417.0,0.0,168.0,360,1,Urban
509,LP001504,Male,No,0,Graduate,Yes,6950.0,0.0,175.0,180,1,Semiurban
510,LP001507,Male,Yes,0,Graduate,No,2698.0,2034.0,122.0,360,1,Semiurban
511,LP001508,Male,Yes,2,Graduate,No,11757.0,0.0,187.0,180,1,Urban
512,LP001514,Female,Yes,0,Graduate,No,2330.0,4486.0,100.0,360,1,Semiurban
513,LP001516,Female,Yes,2,Graduate,No,14866.0,0.0,70.0,360,1,Urban
514,LP001518,Male,Yes,1,Graduate,No,1538.0,1425.0,30.0,360,1,Urban
515,LP001519,Female,No,0,Graduate,No,10000.0,1666.0,225.0,360,1,Rural
516,LP001520,Male,Yes,0,Graduate,No,4860.0,830.0,125.0,360,1,Semiurban
517,LP001528,Male,No,0,Graduate,No,6277.0,0.0,118.0,360,0,Rural
518,LP001529,Male,Yes,0,Graduate,Yes,2577.0,3750.0,152.0,360,1,Rural
519,LP001531,Male,No,0,Graduate,No,9166.0,0.0,244.0,360,1,Urban
520,LP001532,Male,Yes,2,Not Graduate,No,2281.0,0.0,113.0,360,1,Rural
521,LP001535,Male,No,0,Graduate,No,3254.0,0.0,50.0,360,1,Urban
522,LP001536,Male,Yes,3+,Graduate,No,39999.0,0.0,600.0,180,0,Semiurban
523,LP001541,Male,Yes,1,Graduate,No,6000.0,0.0,160.0,360,,Rural
524,LP001543,Male,Yes,1,Graduate,No,9538.0,0.0,187.0,360,1,Urban
525,LP001546,Male,No,0,Graduate,,2980.0,2083.0,120.0,360,1,Rural
526,LP001552,Male,Yes,0,Graduate,No,4583.0,5625.0,255.0,360,1,Semiurban
527,LP001560,Male,Yes,0,Not Graduate,No,1863.0,1041.0,98.0,360,1,Semiurban
528,LP001562,Male,Yes,0,Graduate,No,7933.0,0.0,275.0,360,1,Urban
529,LP001565,Male,Yes,1,Graduate,No,3089.0,1280.0,121.0,360,0,Semiurban
530,LP001570,Male,Yes,2,Graduate,No,4167.0,1447.0,158.0,360,1,Rural
531,LP001572,Male,Yes,0,Graduate,No,9323.0,0.0,75.0,180,1,Urban
532,LP001574,Male,Yes,0,Graduate,No,3707.0,3166.0,182.0,,1,Rural
533,LP001577,Female,Yes,0,Graduate,No,4583.0,0.0,112.0,360,1,Rural
534,LP001578,Male,Yes,0,Graduate,No,2439.0,3333.0,129.0,360,1,Rural
535,LP001579,Male,No,0,Graduate,No,2237.0,0.0,63.0,480,0,Semiurban
536,LP001580,Male,Yes,2,Graduate,No,8000.0,0.0,200.0,360,1,Semiurban
537,LP001581,Male,Yes,0,Not Graduate,,1820.0,1769.0,95.0,360,1,Rural
538,LP001585,Unknown,Yes,3+,Graduate,No,51763.0,0.0,700.0,300,1,Urban
539,LP001586,Male,Yes,3+,Not Graduate,No,3522.0,0.0,81.0,180,1,Rural
540,LP001594,Male,Yes,0,Graduate,No,5708.0,5625.0,187.0,360,1,Semiurban
541,LP001603,Male,Yes,0,Not Graduate,Yes,4344.0,736.0,87.0,360,1,Semiurban
542,LP001606,Male,Yes,0,Graduate,No,3497.0,1964.0,116.0,360,1,Rural
543,LP001608,Male,Yes,2,Graduate,No,2045.0,1619.0,101.0,360,1,Rural
544,LP001610,Male,Yes,3+,Graduate,No,5516.0,11300.0,495.0,360,0,Semiurban
545,LP001616,Male,Yes,1,Graduate,No,3750.0,0.0,116.0,360,1,Semiurban
546,LP001630,Male,No,0,Not Graduate,No,2333.0,1451.0,102.0,480,0,Urban
547,LP001633,Male,Yes,1,Graduate,No,6400.0,7250.0,180.0,360,0,Urban
548,LP001634,Male,No,0,Graduate,No,1916.0,5063.0,67.0,360,,Rural
549,LP001636,Male,Yes,0,Graduate,No,4600.0,0.0,73.0,180,1,Semiurban
550,LP001637,Male,Yes,1,Graduate,No,33846.0,0.0,260.0,360,1,Semiurban
551,LP001639,Female,Yes,0,Graduate,No,3625.0,0.0,108.0,360,1,Semiurban
552,LP001640,Male,Yes,0,Graduate,Yes,39147.0,4750.0,120.0,360,1,Semiurban
553,LP001641,Male,Yes,1,Graduate,Yes,2178.0,0.0,66.0,300,0,Rural
554,LP001643,Male,Yes,0,Graduate,No,2383.0,2138.0,58.0,360,,Rural
555,LP001644,Unknown,Yes,0,Graduate,Yes,674.0,5296.0,168.0,360,1,Rural
556,LP001647,Male,Yes,0,Graduate,No,9328.0,0.0,188.0,180,1,Rural
557,LP001653,Male,No,0,Not Graduate,No,4885.0,0.0,48.0,360,1,Rural
558,LP001656,Male,No,0,Graduate,No,12000.0,0.0,164.0,360,1,Semiurban
559,LP001657,Male,Yes,0,Not Graduate,No,6033.0,0.0,160.0,360,1,Urban
560,LP001658,Male,No,0,Graduate,No,3858.0,0.0,76.0,360,1,Semiurban
561,LP001664,Male,No,0,Graduate,No,4191.0,0.0,120.0,360,1,Rural
562,LP001665,Male,Yes,1,Graduate,No,3125.0,2583.0,170.0,360,1,Semiurban
563,LP001666,Male,No,0,Graduate,No,8333.0,3750.0,187.0,360,1,Rural
564,LP001669,Female,No,0,Not Graduate,No,1907.0,2365.0,120.0,,1,Urban
565,LP001671,Female,Yes,0,Graduate,No,3416.0,2816.0,113.0,360,,Semiurban
566,LP001673,Male,No,0,Graduate,Yes,11000.0,0.0,83.0,360,1,Urban
567,LP001674,Male,Yes,1,Not Graduate,No,2600.0,2500.0,90.0,360,1,Semiurban
568,LP001677,Male,No,2,Graduate,No,4923.0,0.0,166.0,360,0,Semiurban
569,LP001682,Male,Yes,3+,Not Graduate,No,3992.0,0.0,,180,1,Urban
570,LP001688,Male,Yes,1,Not Graduate,No,3500.0,1083.0,135.0,360,1,Urban
571,LP001691,Male,Yes,2,Not Graduate,No,3917.0,0.0,124.0,360,1,Semiurban
572,LP001692,Female,No,0,Not Graduate,No,4408.0,0.0,120.0,360,1,Semiurban
573,LP001693,Female,No,0,Graduate,No,3244.0,0.0,80.0,360,1,Urban
574,LP001698,Male,No,0,Not Graduate,No,3975.0,2531.0,55.0,360,1,Rural
575,LP001699,Male,No,0,Graduate,No,2479.0,0.0,59.0,360,1,Urban
576,LP001702,Male,No,0,Graduate,No,3418.0,0.0,127.0,360,1,Semiurban
577,LP001708,Female,No,0,Graduate,No,10000.0,0.0,214.0,360,1,Semiurban
578,LP001711,Male,Yes,3+,Graduate,No,3430.0,1250.0,128.0,360,0,Semiurban
579,LP001713,Male,Yes,1,Graduate,Yes,7787.0,0.0,240.0,360,1,Urban
580,LP001715,Male,Yes,3+,Not Graduate,Yes,5703.0,0.0,130.0,360,1,Rural
581,LP001716,Male,Yes,0,Graduate,No,3173.0,3021.0,137.0,360,1,Urban
582,LP001720,Male,Yes,3+,Not Graduate,No,3850.0,983.0,100.0,360,1,Semiurban
583,LP001722,Male,Yes,0,Graduate,No,150.0,1800.0,135.0,360,1,Rural
584,LP001726,Male,Yes,0,Graduate,No,3727.0,1775.0,131.0,360,1,Semiurban
585,LP001732,Male,Yes,2,Graduate,,5000.0,0.0,72.0,360,0,Semiurban
586,LP001734,Female,Yes,2,Graduate,No,4283.0,2383.0,127.0,360,,Semiurban
587,LP001736,Male,Yes,0,Graduate,No,2221.0,0.0,60.0,360,0,Urban
588,LP001743,Male,Yes,2,Graduate,No,4009.0,1717.0,116.0,360,1,Semiurban
589,LP001744,Male,No,0,Graduate,No,2971.0,2791.0,144.0,360,1,Semiurban
590,LP001749,Male,Yes,0,Graduate,No,7578.0,1010.0,175.0,,1,Semiurban
591,LP001750,Male,Yes,0,Graduate,No,6250.0,0.0,128.0,360,1,Semiurban
592,LP001751,Male,Yes,0,Graduate,No,3250.0,0.0,170.0,360,1,Rural
593,LP001754,Male,Yes,,Not Graduate,Yes,4735.0,0.0,138.0,360,1,Urban
594,LP001758,Male,Yes,2,Graduate,No,6250.0,1695.0,210.0,360,1,Semiurban
595,LP001760,Male,,,Graduate,No,4758.0,0.0,158.0,480,1,Semiurban
596,LP001761,Male,No,0,Graduate,Yes,6400.0,0.0,200.0,360,1,Rural
597,LP001765,Male,Yes,1,Graduate,No,2491.0,2054.0,104.0,360,1,Semiurban
598,LP001768,Male,Yes,0,Graduate,,3716.0,0.0,42.0,180,1,Rural
599,LP001770,Male,No,0,Not Graduate,No,3189.0,2598.0,120.0,,1,Rural
600,LP001776,Female,No,0,Graduate,No,8333.0,0.0,280.0,360,1,Semiurban
601,LP001778,Male,Yes,1,Graduate,No,3155.0,1779.0,140.0,360,1,Semiurban
602,LP001784,Male,Yes,1,Graduate,No,5500.0,1260.0,170.0,360,1,Rural
603,LP001786,Male,Yes,0,Graduate,,5746.0,0.0,255.0,360,,Urban
604,LP001788,Female,No,0,Graduate,Yes,3463.0,0.0,122.0,360,,Urban
605,LP001790,Female,No,1,Graduate,No,3812.0,0.0,112.0,360,1,Rural
606,LP001792,Male,Yes,1,Graduate,No,3315.0,0.0,96.0,360,1,Semiurban
607,LP001798,Male,Yes,2,Graduate,No,5819.0,5000.0,120.0,360,1,Rural
608,LP001800,Male,Yes,1,Not Graduate,No,2510.0,1983.0,140.0,180,1,Urban
609,LP001806,Male,No,0,Graduate,No,2965.0,5701.0,155.0,60,1,Urban
610,LP001807,Male,Yes,2,Graduate,Yes,6250.0,1300.0,108.0,360,1,Rural
611,LP001811,Male,Yes,0,Not Graduate,No,3406.0,4417.0,123.0,360,1,Semiurban
612,LP001813,Male,No,0,Graduate,Yes,6050.0,4333.0,120.0,180,1,Urban
613,LP001814,Male,Yes,2,Graduate,No,9703.0,0.0,112.0,360,1,Urban
614,LP001819,Male,Yes,1,Not Graduate,No,6608.0,0.0,137.0,180,1,Urban
615,LP001824,Male,Yes,1,Graduate,No,2882.0,1843.0,123.0,480,1,Semiurban
616,LP001825,Male,Yes,0,Graduate,No,1809.0,1868.0,90.0,360,1,Urban
617,LP001835,Male,Yes,0,Not Graduate,No,1668.0,3890.0,201.0,360,0,Semiurban
618,LP001836,Female,No,2,Graduate,No,3427.0,0.0,138.0,360,1,Urban
619,LP001841,Male,No,0,Not Graduate,Yes,2583.0,2167.0,104.0,360,1,Rural
620,LP001843,Male,Yes,1,Not Graduate,No,2661.0,7101.0,279.0,180,1,Semiurban
621,LP001844,Male,No,0,Graduate,Yes,16250.0,0.0,192.0,360,0,Urban
622,LP001846,Female,No,3+,Graduate,No,3083.0,0.0,255.0,360,1,Rural
623,LP001849,Male,No,0,Not Graduate,No,6045.0,0.0,115.0,360,0,Rural
624,LP001854,Male,Yes,3+,Graduate,No,5250.0,0.0,94.0,360,1,Urban
625,LP001859,Male,Yes,0,Graduate,No,14683.0,2100.0,304.0,360,1,Rural
626,LP001864,Male,Yes,3+,Not Graduate,No,4931.0,0.0,128.0,360,,Semiurban
627,LP001865,Male,Yes,1,Graduate,No,6083.0,4250.0,330.0,360,,Urban
628,LP001868,Male,No,0,Graduate,No,2060.0,2209.0,134.0,360,1,Semiurban
629,LP001870,Female,No,1,Graduate,No,3481.0,0.0,155.0,36,1,Semiurban
630,LP001871,Female,No,0,Graduate,No,7200.0,0.0,120.0,360,1,Rural
631,LP001872,Male,No,0,Graduate,Yes,5166.0,0.0,128.0,360,1,Semiurban
632,LP001875,Male,No,0,Graduate,No,4095.0,3447.0,151.0,360,1,Rural
633,LP001877,Male,Yes,2,Graduate,No,4708.0,1387.0,150.0,360,1,Semiurban
634,LP001882,Male,Yes,3+,Graduate,No,4333.0,1811.0,160.0,360,0,Urban
635,LP001883,Female,No,0,Graduate,,3418.0,0.0,135.0,360,1,Rural
636,LP001884,Female,No,1,Graduate,No,2876.0,1560.0,90.0,360,1,Urban
637,LP001888,Female,No,0,Graduate,No,3237.0,0.0,30.0,360,1,Urban
638,LP001891,Male,Yes,0,Graduate,No,11146.0,0.0,136.0,360,1,Urban
639,LP001892,Male,No,0,Graduate,No,2833.0,1857.0,126.0,360,1,Rural
640,LP001894,Male,Yes,0,Graduate,No,2620.0,2223.0,150.0,360,1,Semiurban
641,LP001896,Male,Yes,2,Graduate,No,3900.0,0.0,90.0,360,1,Semiurban
642,LP001900,Male,Yes,1,Graduate,No,2750.0,1842.0,115.0,360,1,Semiurban
643,LP001903,Male,Yes,0,Graduate,No,3993.0,3274.0,207.0,360,1,Semiurban
644,LP001904,Male,Yes,0,Graduate,No,3103.0,1300.0,80.0,360,1,Urban
645,LP001907,Male,Yes,0,Graduate,No,14583.0,0.0,436.0,360,1,Semiurban
646,LP001908,Female,Yes,0,Not Graduate,No,4100.0,0.0,124.0,360,,Rural
647,LP001910,Male,No,1,Not Graduate,Yes,4053.0,2426.0,158.0,360,0,Urban
648,LP001914,Male,Yes,0,Graduate,No,3927.0,800.0,112.0,360,1,Semiurban
649,LP001915,Male,Yes,2,Graduate,No,2301.0,985.7999878,78.0,180,1,Urban
650,LP001917,Female,No,0,Graduate,No,1811.0,1666.0,54.0,360,1,Urban
651,LP001922,Male,Yes,0,Graduate,No,20667.0,0.0,,360,1,Rural
652,LP001924,Male,No,0,Graduate,No,3158.0,3053.0,89.0,360,1,Rural
653,LP001925,Female,No,0,Graduate,Yes,2600.0,1717.0,99.0,300,1,Semiurban
654,LP001926,Male,Yes,0,Graduate,No,3704.0,2000.0,120.0,360,1,Rural
655,LP001931,Female,No,0,Graduate,No,4124.0,0.0,115.0,360,1,Semiurban
656,LP001935,Male,No,0,Graduate,No,9508.0,0.0,187.0,360,1,Rural
657,LP001936,Male,Yes,0,Graduate,No,3075.0,2416.0,139.0,360,1,Rural
658,LP001938,Male,Yes,2,Graduate,No,4400.0,0.0,127.0,360,0,Semiurban
659,LP001940,Male,Yes,2,Graduate,No,3153.0,1560.0,134.0,360,1,Urban
660,LP001945,Female,No,,Graduate,No,5417.0,0.0,143.0,480,0,Urban
661,LP001947,Male,Yes,0,Graduate,No,2383.0,3334.0,172.0,360,1,Semiurban
662,LP001949,Male,Yes,3+,Graduate,,4416.0,1250.0,110.0,360,1,Urban
663,LP001953,Male,Yes,1,Graduate,No,6875.0,0.0,200.0,360,1,Semiurban
664,LP001954,Female,Yes,1,Graduate,No,4666.0,0.0,135.0,360,1,Urban
665,LP001955,Female,No,0,Graduate,No,5000.0,2541.0,151.0,480,1,Rural
666,LP001963,Male,Yes,1,Graduate,No,2014.0,2925.0,113.0,360,1,Urban
667,LP001964,Male,Yes,0,Not Graduate,No,1800.0,2934.0,93.0,360,0,Urban
668,LP001972,Male,Yes,,Not Graduate,No,2875.0,1750.0,105.0,360,1,Semiurban
669,LP001974,Female,No,0,Graduate,No,5000.0,0.0,132.0,360,1,Rural
670,LP001977,Male,Yes,1,Graduate,No,1625.0,1803.0,96.0,360,1,Urban
671,LP001978,Male,No,0,Graduate,No,4000.0,2500.0,140.0,360,1,Rural
672,LP001990,Male,No,0,Not Graduate,No,2000.0,0.0,,360,1,Urban
673,LP001993,Female,No,0,Graduate,No,3762.0,1666.0,135.0,360,1,Rural
674,LP001994,Female,No,0,Graduate,No,2400.0,1863.0,104.0,360,0,Urban
675,LP001996,Male,No,0,Graduate,No,20233.0,0.0,480.0,360,1,Rural
676,LP001998,Male,Yes,2,Not Graduate,No,7667.0,0.0,185.0,360,,Rural
677,LP002002,Female,No,0,Graduate,No,2917.0,0.0,84.0,360,1,Semiurban
678,LP002004,Male,No,0,Not Graduate,No,2927.0,2405.0,111.0,360,1,Semiurban
679,LP002006,Female,No,0,Graduate,No,2507.0,0.0,56.0,360,1,Rural
680,LP002008,Male,Yes,2,Graduate,Yes,5746.0,0.0,144.0,84,,Rural
681,LP002024,Unknown,Yes,0,Graduate,No,2473.0,1843.0,159.0,360,1,Rural
682,LP002031,Male,Yes,1,Not Graduate,No,3399.0,1640.0,111.0,180,1,Urban
683,LP002035,Male,Yes,2,Graduate,No,3717.0,0.0,120.0,360,1,Semiurban
684,LP002036,Male,Yes,0,Graduate,No,2058.0,2134.0,88.0,360,,Urban
685,LP002043,Female,No,1,Graduate,No,3541.0,0.0,112.0,360,,Semiurban
686,LP002050,Male,Yes,1,Graduate,Yes,10000.0,0.0,155.0,360,1,Rural
687,LP002051,Male,Yes,0,Graduate,No,2400.0,2167.0,115.0,360,1,Semiurban
688,LP002053,Male,Yes,3+,Graduate,No,4342.0,189.0,124.0,360,1,Semiurban
689,LP002054,Male,Yes,2,Not Graduate,No,3601.0,1590.0,,360,1,Rural
690,LP002055,Female,No,0,Graduate,No,3166.0,2985.0,132.0,360,,Rural
691,LP002065,Male,Yes,3+,Graduate,No,15000.0,0.0,300.0,360,1,Rural
692,LP002067,Male,Yes,1,Graduate,Yes,8666.0,4983.0,376.0,360,0,Rural
693,LP002068,Male,No,0,Graduate,No,4917.0,0.0,130.0,360,0,Rural
694,LP002082,Male,Yes,0,Graduate,Yes,5818.0,2160.0,184.0,360,1,Semiurban
695,LP002086,Female,Yes,0,Graduate,No,4333.0,2451.0,110.0,360,1,Urban
696,LP002087,Female,No,0,Graduate,No,2500.0,0.0,67.0,360,1,Urban
697,LP002097,Male,No,1,Graduate,No,4384.0,1793.0,117.0,360,1,Urban
698,LP002098,Male,No,0,Graduate,No,2935.0,0.0,98.0,360,1,Semiurban
699,LP002100,Male,No,,Graduate,No,2833.0,0.0,71.0,360,1,Urban
700,LP002101,Male,Yes,0,Graduate,,63337.0,0.0,490.0,180,1,Urban
701,LP002103,Unknown,Yes,1,Graduate,Yes,9833.0,1833.0,182.0,180,1,Urban
702,LP002106,Male,Yes,,Graduate,Yes,5503.0,4490.0,70.0,,1,Semiurban
703,LP002110,Male,Yes,1,Graduate,,5250.0,688.0,160.0,360,1,Rural
704,LP002112,Male,Yes,2,Graduate,Yes,2500.0,4600.0,176.0,360,1,Rural
705,LP002113,Female,No,3+,Not Graduate,No,1830.0,0.0,,360,0,Urban
706,LP002114,Female,No,0,Graduate,No,4160.0,0.0,71.0,360,1,Semiurban
707,LP002115,Male,Yes,3+,Not Graduate,No,2647.0,1587.0,173.0,360,1,Rural
708,LP002116,Female,No,0,Graduate,No,2378.0,0.0,46.0,360,1,Rural
709,LP002119,Male,Yes,1,Not Graduate,No,4554.0,1229.0,158.0,360,1,Urban
710,LP002126,Male,Yes,3+,Not Graduate,No,3173.0,0.0,74.0,360,1,Semiurban
711,LP002128,Male,Yes,2,Graduate,,2583.0,2330.0,125.0,360,1,Rural
712,LP002129,Male,Yes,0,Graduate,No,2499.0,2458.0,160.0,360,1,Semiurban
713,LP002130,Male,Yes,,Not Graduate,No,3523.0,3230.0,152.0,360,0,Rural
714,LP002131,Male,Yes,2,Not Graduate,No,3083.0,2168.0,126.0,360,1,Urban
715,LP002137,Male,Yes,0,Graduate,No,6333.0,4583.0,259.0,360,,Semiurban
716,LP002138,Male,Yes,0,Graduate,No,2625.0,6250.0,187.0,360,1,Rural
717,LP002139,Male,Yes,0,Graduate,No,9083.0,0.0,228.0,360,1,Semiurban
718,LP002140,Male,No,0,Graduate,No,8750.0,4167.0,308.0,360,1,Rural
719,LP002141,Male,Yes,3+,Graduate,No,2666.0,2083.0,95.0,360,1,Rural
720,LP002142,Female,Yes,0,Graduate,Yes,5500.0,0.0,105.0,360,0,Rural
721,LP002143,Female,Yes,0,Graduate,No,2423.0,505.0,130.0,360,1,Semiurban
722,LP002144,Female,No,,Graduate,No,3813.0,0.0,116.0,180,1,Urban
723,LP002149,Male,Yes,2,Graduate,No,8333.0,3167.0,165.0,360,1,Rural
724,LP002151,Male,Yes,1,Graduate,No,3875.0,0.0,67.0,360,1,Urban
725,LP002158,Male,Yes,0,Not Graduate,No,3000.0,1666.0,100.0,480,0,Urban
726,LP002160,Male,Yes,3+,Graduate,No,5167.0,3167.0,200.0,360,1,Semiurban
727,LP002161,Female,No,1,Graduate,No,4723.0,0.0,81.0,360,1,Semiurban
728,LP002170,Male,Yes,2,Graduate,No,5000.0,3667.0,236.0,360,1,Semiurban
729,LP002175,Male,Yes,0,Graduate,No,4750.0,2333.0,130.0,360,1,Urban
730,LP002178,Male,Yes,0,Graduate,No,3013.0,3033.0,95.0,300,,Urban
731,LP002180,Male,No,0,Graduate,Yes,6822.0,0.0,141.0,360,1,Rural
732,LP002181,Male,No,0,Not Graduate,No,6216.0,0.0,133.0,360,1,Rural
733,LP002187,Male,No,0,Graduate,No,2500.0,0.0,96.0,480,1,Semiurban
734,LP002188,Male,No,0,Graduate,No,5124.0,0.0,124.0,,0,Rural
735,LP002190,Male,Yes,1,Graduate,No,6325.0,0.0,175.0,360,1,Semiurban
736,LP002191,Male,Yes,0,Graduate,No,19730.0,5266.0,570.0,360,1,Rural
737,LP002194,Female,No,0,Graduate,Yes,15759.0,0.0,55.0,360,1,Semiurban
738,LP002197,Male,Yes,2,Graduate,No,5185.0,0.0,155.0,360,1,Semiurban
739,LP002201,Male,Yes,2,Graduate,Yes,9323.0,7873.0,380.0,300,1,Rural
740,LP002205,Male,No,1,Graduate,No,3062.0,1987.0,111.0,180,0,Urban
741,LP002209,Female,No,0,Graduate,,2764.0,1459.0,110.0,360,1,Urban
742,LP002211,Male,Yes,0,Graduate,No,4817.0,923.0,120.0,180,1,Urban
743,LP002219,Male,Yes,3+,Graduate,No,8750.0,4996.0,130.0,360,1,Rural
744,LP002223,Male,Yes,0,Graduate,No,4310.0,0.0,130.0,360,,Semiurban
745,LP002224,Male,No,0,Graduate,No,3069.0,0.0,71.0,480,1,Urban
746,LP002225,Male,Yes,2,Graduate,No,5391.0,0.0,130.0,360,1,Urban
747,LP002226,Male,Yes,0,Graduate,,3333.0,2500.0,128.0,360,1,Semiurban
748,LP002229,Male,No,0,Graduate,No,5941.0,4232.0,296.0,360,1,Semiurban
749,LP002231,Female,No,0,Graduate,No,6000.0,0.0,156.0,360,1,Urban
750,LP002234,Male,No,0,Graduate,Yes,7167.0,0.0,128.0,360,1,Urban
751,LP002236,Male,Yes,2,Graduate,No,4566.0,0.0,100.0,360,1,Urban
752,LP002237,Male,No,1,Graduate,,3667.0,0.0,113.0,180,1,Urban
753,LP002239,Male,No,0,Not Graduate,No,2346.0,1600.0,132.0,360,1,Semiurban
754,LP002243,Male,Yes,0,Not Graduate,No,3010.0,3136.0,,360,0,Urban
755,LP002244,Male,Yes,0,Graduate,No,2333.0,2417.0,136.0,360,1,Urban
756,LP002250,Male,Yes,0,Graduate,No,5488.0,0.0,125.0,360,1,Rural
757,LP002255,Male,No,3+,Graduate,No,9167.0,0.0,185.0,360,1,Rural
758,LP002262,Male,Yes,3+,Graduate,No,9504.0,0.0,275.0,360,1,Rural
759,LP002263,Male,Yes,0,Graduate,No,2583.0,2115.0,120.0,360,,Urban
760,LP002265,Male,Yes,2,Not Graduate,No,1993.0,1625.0,113.0,180,1,Semiurban
761,LP002266,Male,Yes,2,Graduate,No,3100.0,1400.0,113.0,360,1,Urban
762,LP002272,Male,Yes,2,Graduate,No,3276.0,484.0,135.0,360,,Semiurban
763,LP002277,Female,No,0,Graduate,No,3180.0,0.0,71.0,360,0,Urban
764,LP002281,Male,Yes,0,Graduate,No,3033.0,1459.0,95.0,360,1,Urban
765,LP002284,Male,No,0,Not Graduate,No,3902.0,1666.0,109.0,360,1,Rural
766,LP002287,Female,No,0,Graduate,No,1500.0,1800.0,103.0,360,0,Semiurban
767,LP002288,Male,Yes,2,Not Graduate,No,2889.0,0.0,45.0,180,0,Urban
768,LP002296,Male,No,0,Not Graduate,No,2755.0,0.0,65.0,300,1,Rural
769,LP002297,Male,No,0,Graduate,No,2500.0,20000.0,103.0,360,1,Semiurban
770,LP002300,Female,No,0,Not Graduate,No,1963.0,0.0,53.0,360,1,Semiurban
771,LP002301,Female,No,0,Graduate,Yes,7441.0,0.0,194.0,360,1,Rural
772,LP002305,Female,No,0,Graduate,No,4547.0,0.0,115.0,360,1,Semiurban
773,LP002308,Male,Yes,0,Not Graduate,No,2167.0,2400.0,115.0,360,1,Urban
774,LP002314,Female,No,0,Not Graduate,No,2213.0,0.0,66.0,360,1,Rural
775,LP002315,Male,Yes,1,Graduate,No,8300.0,0.0,152.0,300,0,Semiurban
776,LP002317,Male,Yes,3+,Graduate,No,81000.0,0.0,360.0,360,0,Rural
777,LP002318,Female,No,1,Not Graduate,Yes,3867.0,0.0,62.0,360,1,Semiurban
778,LP002319,Male,Yes,0,Graduate,,6256.0,0.0,160.0,360,,Urban
779,LP002328,Male,Yes,0,Not Graduate,No,6096.0,0.0,218.0,360,0,Rural
780,LP002332,Male,Yes,0,Not Graduate,No,2253.0,2033.0,110.0,360,1,Rural
781,LP002335,Female,Yes,0,Not Graduate,No,2149.0,3237.0,178.0,360,0,Semiurban
782,LP002337,Female,No,0,Graduate,No,2995.0,0.0,60.0,360,1,Urban
783,LP002341,Female,No,1,Graduate,No,2600.0,0.0,160.0,360,1,Urban
784,LP002342,Male,Yes,2,Graduate,Yes,1600.0,20000.0,239.0,360,1,Urban
785,LP002345,Male,Yes,0,Graduate,No,1025.0,2773.0,112.0,360,1,Rural
786,LP002347,Male,Yes,0,Graduate,No,3246.0,1417.0,138.0,360,1,Semiurban
787,LP002348,Male,Yes,0,Graduate,No,5829.0,0.0,138.0,360,1,Rural
788,LP002357,Female,No,0,Not Graduate,No,2720.0,0.0,80.0,,0,Urban
789,LP002361,Male,Yes,0,Graduate,No,1820.0,1719.0,100.0,360,1,Urban
790,LP002362,Male,Yes,1,Graduate,No,7250.0,1667.0,110.0,,0,Urban
791,LP002364,Male,Yes,0,Graduate,No,14880.0,0.0,96.0,360,1,Semiurban
792,LP002366,Male,Yes,0,Graduate,No,2666.0,4300.0,121.0,360,1,Rural
793,LP002367,Female,No,1,Not Graduate,No,4606.0,0.0,81.0,360,1,Rural
794,LP002368,Male,Yes,2,Graduate,No,5935.0,0.0,133.0,360,1,Semiurban
795,LP002369,Male,Yes,0,Graduate,No,2920.0,16.12000084,87.0,360,1,Rural
796,LP002370,Male,No,0,Not Graduate,No,2717.0,0.0,60.0,180,1,Urban
797,LP002377,Female,No,1,Graduate,Yes,8624.0,0.0,150.0,360,1,Semiurban
798,LP002379,Male,No,0,Graduate,No,6500.0,0.0,105.0,360,0,Rural
799,LP002386,Male,No,0,Graduate,,12876.0,0.0,405.0,360,1,Semiurban
800,LP002387,Male,Yes,0,Graduate,No,2425.0,2340.0,143.0,360,1,Semiurban
801,LP002390,Male,No,0,Graduate,No,3750.0,0.0,100.0,360,1,Urban
802,LP002393,Female,,,Graduate,No,10047.0,0.0,,240,1,Semiurban
803,LP002398,Male,No,0,Graduate,No,1926.0,1851.0,50.0,360,1,Semiurban
804,LP002401,Male,Yes,0,Graduate,No,2213.0,1125.0,,360,1,Urban
805,LP002403,Male,No,0,Graduate,Yes,10416.0,0.0,187.0,360,0,Urban
806,LP002407,Female,Yes,0,Not Graduate,Yes,7142.0,0.0,138.0,360,1,Rural
807,LP002408,Male,No,0,Graduate,No,3660.0,5064.0,187.0,360,1,Semiurban
808,LP002409,Male,Yes,0,Graduate,No,7901.0,1833.0,180.0,360,1,Rural
809,LP002418,Male,No,3+,Not Graduate,No,4707.0,1993.0,148.0,360,1,Semiurban
810,LP002422,Male,No,1,Graduate,No,37719.0,0.0,152.0,360,1,Semiurban
811,LP002424,Male,Yes,0,Graduate,No,7333.0,8333.0,175.0,300,,Rural
812,LP002429,Male,Yes,1,Graduate,Yes,3466.0,1210.0,130.0,360,1,Rural
813,LP002434,Male,Yes,2,Not Graduate,No,4652.0,0.0,110.0,360,1,Rural
814,LP002435,Male,Yes,0,Graduate,,3539.0,1376.0,55.0,360,1,Rural
815,LP002443,Male,Yes,2,Graduate,No,3340.0,1710.0,150.0,360,0,Rural
816,LP002444,Male,No,1,Not Graduate,Yes,2769.0,1542.0,190.0,360,,Semiurban
817,LP002446,Male,Yes,2,Not Graduate,No,2309.0,1255.0,125.0,360,0,Rural
818,LP002447,Male,Yes,2,Not Graduate,No,1958.0,1456.0,60.0,300,,Urban
819,LP002448,Male,Yes,0,Graduate,No,3948.0,1733.0,149.0,360,0,Rural
820,LP002449,Male,Yes,0,Graduate,No,2483.0,2466.0,90.0,180,0,Rural
821,LP002453,Male,No,0,Graduate,Yes,7085.0,0.0,84.0,360,1,Semiurban
822,LP002455,Male,Yes,2,Graduate,No,3859.0,0.0,96.0,360,1,Semiurban
823,LP002459,Male,Yes,0,Graduate,No,4301.0,0.0,118.0,360,1,Urban
824,LP002467,Male,Yes,0,Graduate,No,3708.0,2569.0,173.0,360,1,Urban
825,LP002472,Male,No,2,Graduate,No,4354.0,0.0,136.0,360,1,Rural
826,LP002473,Male,Yes,0,Graduate,No,8334.0,0.0,160.0,360,1,Semiurban
827,LP002478,Unknown,Yes,0,Graduate,Yes,2083.0,4083.0,160.0,360,,Semiurban
828,LP002484,Male,Yes,3+,Graduate,No,7740.0,0.0,128.0,180,1,Urban
829,LP002487,Male,Yes,0,Graduate,No,3015.0,2188.0,153.0,360,1,Rural
830,LP002489,Female,No,1,Not Graduate,,5191.0,0.0,132.0,360,1,Semiurban
831,LP002493,Male,No,0,Graduate,No,4166.0,0.0,98.0,360,0,Semiurban
832,LP002494,Male,No,0,Graduate,No,6000.0,0.0,140.0,360,1,Rural
833,LP002500,Male,Yes,3+,Not Graduate,No,2947.0,1664.0,70.0,180,0,Urban
834,LP002501,Unknown,Yes,0,Graduate,No,16692.0,0.0,110.0,360,1,Semiurban
835,LP002502,Female,Yes,2,Not Graduate,,210.0,2917.0,98.0,360,1,Semiurban
836,LP002505,Male,Yes,0,Graduate,No,4333.0,2451.0,110.0,360,1,Urban
837,LP002515,Male,Yes,1,Graduate,Yes,3450.0,2079.0,162.0,360,1,Semiurban
838,LP002517,Male,Yes,1,Not Graduate,No,2653.0,1500.0,113.0,180,0,Rural
839,LP002519,Male,Yes,3+,Graduate,No,4691.0,0.0,100.0,360,1,Semiurban
840,LP002522,Female,No,0,Graduate,Yes,2500.0,0.0,93.0,360,,Urban
841,LP002524,Male,No,2,Graduate,No,5532.0,4648.0,162.0,360,1,Rural
842,LP002527,Male,Yes,2,Graduate,Yes,16525.0,1014.0,150.0,360,1,Rural
843,LP002529,Male,Yes,2,Graduate,No,6700.0,1750.0,230.0,300,1,Semiurban
844,LP002530,Unknown,Yes,2,Graduate,No,2873.0,1872.0,132.0,360,0,Semiurban
845,LP002531,Male,Yes,1,Graduate,Yes,16667.0,2250.0,86.0,360,1,Semiurban
846,LP002533,Male,Yes,2,Graduate,No,2947.0,1603.0,,360,1,Urban
847,LP002534,Female,No,0,Not Graduate,No,4350.0,0.0,154.0,360,1,Rural
848,LP002536,Male,Yes,3+,Not Graduate,No,3095.0,0.0,113.0,360,1,Rural
849,LP002537,Male,Yes,0,Graduate,No,2083.0,3150.0,128.0,360,1,Semiurban
850,LP002541,Male,Yes,0,Graduate,No,10833.0,0.0,234.0,360,1,Semiurban
851,LP002543,Male,Yes,2,Graduate,No,8333.0,0.0,246.0,360,1,Semiurban
852,LP002544,Male,Yes,1,Not Graduate,No,1958.0,2436.0,131.0,360,1,Rural
853,LP002545,Male,No,2,Graduate,No,3547.0,0.0,80.0,360,0,Rural
854,LP002547,Male,Yes,1,Graduate,No,18333.0,0.0,500.0,360,1,Urban
855,LP002555,Male,Yes,2,Graduate,Yes,4583.0,2083.0,160.0,360,1,Semiurban
856,LP002556,Male,No,0,Graduate,No,2435.0,0.0,75.0,360,1,Urban
857,LP002560,Male,No,0,Not Graduate,No,2699.0,2785.0,96.0,360,,Semiurban
858,LP002562,Male,Yes,1,Not Graduate,No,5333.0,1131.0,186.0,360,,Urban
859,LP002571,Male,No,0,Not Graduate,No,3691.0,0.0,110.0,360,1,Rural
860,LP002582,Female,No,0,Not Graduate,Yes,17263.0,0.0,225.0,360,1,Semiurban
861,LP002585,Male,Yes,0,Graduate,No,3597.0,2157.0,119.0,360,0,Rural
862,LP002586,Female,Yes,1,Graduate,No,3326.0,913.0,105.0,84,1,Semiurban
863,LP002587,Male,Yes,0,Not Graduate,No,2600.0,1700.0,107.0,360,1,Rural
864,LP002588,Male,Yes,0,Graduate,No,4625.0,2857.0,111.0,12,,Urban
865,LP002600,Male,Yes,1,Graduate,Yes,2895.0,0.0,95.0,360,1,Semiurban
866,LP002602,Male,No,0,Graduate,No,6283.0,4416.0,209.0,360,0,Rural
867,LP002603,Female,No,0,Graduate,No,645.0,3683.0,113.0,480,1,Rural
868,LP002606,Female,No,0,Graduate,No,3159.0,0.0,100.0,360,1,Semiurban
869,LP002615,Male,Yes,2,Graduate,No,4865.0,5624.0,208.0,360,1,Semiurban
870,LP002618,Male,Yes,1,Not Graduate,No,4050.0,5302.0,138.0,360,,Rural
871,LP002619,Male,Yes,0,Not Graduate,No,3814.0,1483.0,124.0,300,1,Semiurban
872,LP002622,Male,Yes,2,Graduate,No,3510.0,4416.0,243.0,360,1,Rural
873,LP002624,Male,Yes,0,Graduate,No,20833.0,6667.0,480.0,360,,Urban
874,LP002625,Unknown,No,0,Graduate,No,3583.0,0.0,96.0,360,1,Urban
875,LP002626,Male,Yes,0,Graduate,Yes,2479.0,3013.0,188.0,360,1,Urban
876,LP002634,Female,No,1,Graduate,No,13262.0,0.0,40.0,360,1,Urban
877,LP002637,Male,No,0,Not Graduate,No,3598.0,1287.0,100.0,360,1,Rural
878,LP002640,Male,Yes,1,Graduate,No,6065.0,2004.0,250.0,360,1,Semiurban
879,LP002643,Male,Yes,2,Graduate,No,3283.0,2035.0,148.0,360,1,Urban
880,LP002648,Male,Yes,0,Graduate,No,2130.0,6666.0,70.0,180,1,Semiurban
881,LP002652,Male,No,0,Graduate,No,5815.0,3666.0,311.0,360,1,Rural
882,LP002659,Male,Yes,3+,Graduate,No,3466.0,3428.0,150.0,360,1,Rural
883,LP002670,Female,Yes,2,Graduate,No,2031.0,1632.0,113.0,480,1,Semiurban
884,LP002682,Male,Yes,,Not Graduate,No,3074.0,1800.0,123.0,360,0,Semiurban
885,LP002683,Male,No,0,Graduate,No,4683.0,1915.0,185.0,360,1,Semiurban
886,LP002684,Female,No,0,Not Graduate,No,3400.0,0.0,95.0,360,1,Rural
887,LP002689,Male,Yes,2,Not Graduate,No,2192.0,1742.0,45.0,360,1,Semiurban
888,LP002690,Male,No,0,Graduate,No,2500.0,0.0,55.0,360,1,Semiurban
889,LP002692,Male,Yes,3+,Graduate,Yes,5677.0,1424.0,100.0,360,1,Rural
890,LP002693,Male,Yes,2,Graduate,Yes,7948.0,7166.0,480.0,360,1,Rural
891,LP002697,Male,No,0,Graduate,No,4680.0,2087.0,,360,1,Semiurban
892,LP002699,Male,Yes,2,Graduate,Yes,17500.0,0.0,400.0,360,1,Rural
893,LP002705,Male,Yes,0,Graduate,No,3775.0,0.0,110.0,360,1,Semiurban
894,LP002706,Male,Yes,1,Not Graduate,No,5285.0,1430.0,161.0,360,0,Semiurban
895,LP002714,Male,No,1,Not Graduate,No,2679.0,1302.0,94.0,360,1,Semiurban
896,LP002716,Male,No,0,Not Graduate,No,6783.0,0.0,130.0,360,1,Semiurban
897,LP002717,Male,Yes,0,Graduate,No,1025.0,5500.0,216.0,360,,Rural
898,LP002720,Male,Yes,3+,Graduate,No,4281.0,0.0,100.0,360,1,Urban
899,LP002723,Male,No,2,Graduate,No,3588.0,0.0,110.0,360,0,Rural
900,LP002729,Male,No,1,Graduate,No,11250.0,0.0,196.0,360,,Semiurban
901,LP002731,Female,No,0,Not Graduate,Yes,18165.0,0.0,125.0,360,1,Urban
902,LP002732,Male,No,0,Not Graduate,,2550.0,2042.0,126.0,360,1,Rural
903,LP002734,Male,Yes,0,Graduate,No,6133.0,3906.0,324.0,360,1,Urban
904,LP002738,Male,No,2,Graduate,No,3617.0,0.0,107.0,360,1,Semiurban
905,LP002739,Male,Yes,0,Not Graduate,No,2917.0,536.0,66.0,360,1,Rural
906,LP002740,Male,Yes,3+,Graduate,No,6417.0,0.0,157.0,180,1,Rural
907,LP002741,Female,Yes,1,Graduate,No,4608.0,2845.0,140.0,180,1,Semiurban
908,LP002743,Female,No,0,Graduate,No,2138.0,0.0,99.0,360,0,Semiurban
909,LP002753,Female,No,1,Graduate,,3652.0,0.0,95.0,360,1,Semiurban
910,LP002755,Male,Yes,1,Not Graduate,No,2239.0,2524.0,128.0,360,1,Urban
911,LP002757,Female,Yes,0,Not Graduate,No,3017.0,663.0,102.0,360,,Semiurban
912,LP002767,Male,Yes,0,Graduate,No,2768.0,1950.0,155.0,360,1,Rural
913,LP002768,Male,No,0,Not Graduate,No,3358.0,0.0,80.0,36,1,Semiurban
914,LP002772,Male,No,0,Graduate,No,2526.0,1783.0,145.0,360,1,Rural
915,LP002776,Female,No,0,Graduate,No,5000.0,0.0,103.0,360,0,Semiurban
916,LP002777,Male,Yes,0,Graduate,No,2785.0,2016.0,110.0,360,1,Rural
917,LP002778,Male,Yes,2,Graduate,Yes,6633.0,0.0,,360,0,Rural
918,LP002784,Male,Yes,1,Not Graduate,No,2492.0,2375.0,,360,1,Rural
919,LP002785,Male,Yes,1,Graduate,No,3333.0,3250.0,158.0,360,1,Urban
920,LP002788,Male,Yes,0,Not Graduate,No,2454.0,2333.0,181.0,360,0,Urban
921,LP002789,Male,Yes,0,Graduate,No,3593.0,4266.0,132.0,180,0,Rural
922,LP002792,Male,Yes,1,Graduate,No,5468.0,1032.0,26.0,360,1,Semiurban
923,LP002794,Female,No,0,Graduate,No,2667.0,1625.0,84.0,360,,Urban
924,LP002795,Male,Yes,3+,Graduate,Yes,10139.0,0.0,260.0,360,1,Semiurban
925,LP002798,Male,Yes,0,Graduate,No,3887.0,2669.0,162.0,360,1,Semiurban
926,LP002804,Female,Yes,0,Graduate,No,4180.0,2306.0,182.0,360,1,Semiurban
927,LP002807,Male,Yes,2,Not Graduate,No,3675.0,242.0,108.0,360,1,Semiurban
928,LP002813,Female,Yes,1,Graduate,Yes,19484.0,0.0,600.0,360,1,Semiurban
929,LP002820,Male,Yes,0,Graduate,No,5923.0,2054.0,211.0,360,1,Rural
930,LP002821,Male,No,0,Not Graduate,Yes,5800.0,0.0,132.0,360,1,Semiurban
931,LP002832,Male,Yes,2,Graduate,No,8799.0,0.0,258.0,360,0,Urban
932,LP002833,Male,Yes,0,Not Graduate,No,4467.0,0.0,120.0,360,,Rural
933,LP002836,Male,No,0,Graduate,No,3333.0,0.0,70.0,360,1,Urban
934,LP002837,Male,Yes,3+,Graduate,No,3400.0,2500.0,123.0,360,0,Rural
935,LP002840,Female,No,0,Graduate,No,2378.0,0.0,9.0,360,1,Urban
936,LP002841,Male,Yes,0,Graduate,No,3166.0,2064.0,104.0,360,0,Urban
937,LP002842,Male,Yes,1,Graduate,No,3417.0,1750.0,186.0,360,1,Urban
938,LP002847,Male,Yes,,Graduate,No,5116.0,1451.0,165.0,360,0,Urban
939,LP002855,Male,Yes,2,Graduate,No,16666.0,0.0,275.0,360,1,Urban
940,LP002862,Male,Yes,2,Not Graduate,No,6125.0,1625.0,187.0,480,1,Semiurban
941,LP002863,Male,Yes,3+,Graduate,No,6406.0,0.0,150.0,360,1,Semiurban
942,LP002868,Male,Yes,2,Graduate,No,3159.0,461.0,108.0,84,1,Urban
943,LP002872,Unknown,Yes,0,Graduate,No,3087.0,2210.0,136.0,360,0,Semiurban
944,LP002874,Male,No,0,Graduate,No,3229.0,2739.0,110.0,360,1,Urban
945,LP002877,Male,Yes,1,Graduate,No,1782.0,2232.0,107.0,360,1,Rural
946,LP002888,Male,No,0,Graduate,,3182.0,2917.0,161.0,360,1,Urban
947,LP002892,Male,Yes,2,Graduate,No,6540.0,0.0,205.0,360,1,Semiurban
948,LP002893,Male,No,0,Graduate,No,1836.0,33837.0,90.0,360,1,Urban
949,LP002894,Female,Yes,0,Graduate,No,3166.0,0.0,36.0,360,1,Semiurban
950,LP002898,Male,Yes,1,Graduate,No,1880.0,0.0,61.0,360,,Rural
951,LP002911,Male,Yes,1,Graduate,No,2787.0,1917.0,146.0,360,0,Rural
952,LP002912,Male,Yes,1,Graduate,No,4283.0,3000.0,172.0,84,1,Rural
953,LP002916,Male,Yes,0,Graduate,No,2297.0,1522.0,104.0,360,1,Urban
954,LP002917,Female,No,0,Not Graduate,No,2165.0,0.0,70.0,360,1,Semiurban
955,LP002925,Unknown,No,0,Graduate,No,4750.0,0.0,94.0,360,1,Semiurban
956,LP002926,Male,Yes,2,Graduate,Yes,2726.0,0.0,106.0,360,0,Semiurban
957,LP002928,Male,Yes,0,Graduate,No,3000.0,3416.0,56.0,180,1,Semiurban
958,LP002931,Male,Yes,2,Graduate,Yes,6000.0,0.0,205.0,240,1,Semiurban
959,LP002933,Unknown,No,3+,Graduate,Yes,9357.0,0.0,292.0,360,1,Semiurban
960,LP002936,Male,Yes,0,Graduate,No,3859.0,3300.0,142.0,180,1,Rural
961,LP002938,Male,Yes,0,Graduate,Yes,16120.0,0.0,260.0,360,1,Urban
962,LP002940,Male,No,0,Not Graduate,No,3833.0,0.0,110.0,360,1,Rural
963,LP002941,Male,Yes,2,Not Graduate,Yes,6383.0,1000.0,187.0,360,1,Rural
964,LP002943,Male,No,,Graduate,No,2987.0,0.0,88.0,360,0,Semiurban
965,LP002945,Male,Yes,0,Graduate,Yes,9963.0,0.0,180.0,360,1,Rural
966,LP002948,Male,Yes,2,Graduate,No,5780.0,0.0,192.0,360,1,Urban
967,LP002949,Female,No,3+,Graduate,,416.0,41667.0,350.0,180,,Urban
968,LP002950,Male,Yes,0,Not Graduate,,2894.0,2792.0,155.0,360,1,Rural
969,LP002953,Male,Yes,3+,Graduate,No,5703.0,0.0,128.0,360,1,Urban
970,LP002958,Male,No,0,Graduate,No,3676.0,4301.0,172.0,360,1,Rural
971,LP002959,Female,Yes,1,Graduate,No,12000.0,0.0,496.0,360,1,Semiurban
972,LP002960,Male,Yes,0,Not Graduate,No,2400.0,3800.0,,180,1,Urban
973,LP002961,Male,Yes,1,Graduate,No,3400.0,2500.0,173.0,360,1,Semiurban
974,LP002964,Male,Yes,2,Not Graduate,No,3987.0,1411.0,157.0,360,1,Rural
975,LP002974,Male,Yes,0,Graduate,No,3232.0,1950.0,108.0,360,1,Rural
976,LP002978,Female,No,0,Graduate,No,2900.0,0.0,71.0,360,1,Rural
977,LP002979,Male,Yes,3+,Graduate,No,4106.0,0.0,40.0,180,1,Rural
978,LP002983,Male,Yes,1,Graduate,No,8072.0,240.0,253.0,360,1,Urban
979,LP002984,Male,Yes,2,Graduate,No,7583.0,0.0,187.0,360,1,Urban
980,LP002990,Female,No,0,Graduate,Yes,4583.0,0.0,133.0,360,0,Semiurban
